month,channel,region,spend_eur
2024-01-01,Community sponsorships,APAC,3192.00
2024-01-01,Community sponsorships,EMEA - DACH,3706.00
2024-01-01,Community sponsorships,EMEA - North,1738.00
2024-01-01,Community sponsorships,EMEA - South,2472.00
2024-01-01,Community sponsorships,EMEA - UK&I,1883.00
2024-01-01,Community sponsorships,LATAM,1236.00
2024-01-01,Community sponsorships,North America,5259.00
2024-01-01,Content download,APAC,650.00
2024-01-01,Content download,EMEA - DACH,919.00
2024-01-01,Content download,EMEA - North,865.00
2024-01-01,Content download,EMEA - South,606.00
2024-01-01,Content download,EMEA - UK&I,527.00
2024-01-01,Content download,LATAM,216.00
2024-01-01,Content download,North America,2358.00
2024-01-01,Content download,Unknown,428.00
2024-01-01,Event / Trade show,APAC,1021.00
2024-01-01,Event / Trade show,EMEA - DACH,5275.00
2024-01-01,Event / Trade show,EMEA - North,2757.00
2024-01-01,Event / Trade show,EMEA - South,2772.00
2024-01-01,Event / Trade show,EMEA - UK&I,1621.00
2024-01-01,Event / Trade show,North America,7286.00
2024-01-01,Event / Trade show,Unknown,964.00
2024-01-01,Paid search - Enterprise LP,APAC,444.00
2024-01-01,Paid search - Enterprise LP,EMEA - DACH,241.00
2024-01-01,Paid search - Enterprise LP,EMEA - North,1027.00
2024-01-01,Paid search - Enterprise LP,EMEA - South,617.00
2024-01-01,Paid search - Enterprise LP,EMEA - UK&I,1093.00
2024-01-01,Paid search - Enterprise LP,North America,2741.00
2024-01-01,Paid search - Enterprise LP,Unknown,1072.00
2024-01-01,Paid search - Self-serve,APAC,12471.00
2024-01-01,Paid search - Self-serve,EMEA - DACH,25254.00
2024-01-01,Paid search - Self-serve,EMEA - North,11452.00
2024-01-01,Paid search - Self-serve,EMEA - South,9279.00
2024-01-01,Paid search - Self-serve,EMEA - UK&I,9942.00
2024-01-01,Paid search - Self-serve,LATAM,12025.00
2024-01-01,Paid search - Self-serve,North America,33687.00
2024-01-01,Paid social,APAC,153.00
2024-01-01,Paid social,EMEA - DACH,1118.00
2024-01-01,Paid social,EMEA - North,1205.00
2024-01-01,Paid social,EMEA - South,217.00
2024-01-01,Paid social,EMEA - UK&I,670.00
2024-01-01,Paid social,North America,1925.00
2024-01-01,Paid social,Unknown,600.00
2024-01-01,Partner MDF,APAC,1432.00
2024-01-01,Partner MDF,EMEA - DACH,4476.00
2024-01-01,Partner MDF,EMEA - North,1902.00
2024-01-01,Partner MDF,EMEA - South,951.00
2024-01-01,Partner MDF,EMEA - UK&I,2019.00
2024-01-01,Partner MDF,LATAM,1624.00
2024-01-01,Partner MDF,North America,2438.00
2024-01-01,Webinar,APAC,399.00
2024-01-01,Webinar,EMEA - DACH,1224.00
2024-01-01,Webinar,EMEA - North,554.00
2024-01-01,Webinar,EMEA - South,533.00
2024-01-01,Webinar,EMEA - UK&I,195.00
2024-01-01,Webinar,LATAM,132.00
2024-01-01,Webinar,North America,1617.00
2024-01-01,Webinar,Unknown,677.00
2024-02-01,Community sponsorships,APAC,2647.00
2024-02-01,Community sponsorships,EMEA - DACH,2824.00
2024-02-01,Community sponsorships,EMEA - North,1644.00
2024-02-01,Community sponsorships,EMEA - South,2624.00
2024-02-01,Community sponsorships,EMEA - UK&I,1445.00
2024-02-01,Community sponsorships,LATAM,2605.00
2024-02-01,Community sponsorships,North America,8464.00
2024-02-01,Content download,APAC,342.00
2024-02-01,Content download,EMEA - DACH,1633.00
2024-02-01,Content download,EMEA - North,1087.00
2024-02-01,Content download,EMEA - South,479.00
2024-02-01,Content download,EMEA - UK&I,457.00
2024-02-01,Content download,LATAM,49.00
2024-02-01,Content download,North America,1545.00
2024-02-01,Content download,Unknown,770.00
2024-02-01,Event / Trade show,APAC,5093.00
2024-02-01,Event / Trade show,EMEA - DACH,9342.00
2024-02-01,Event / Trade show,EMEA - North,2220.00
2024-02-01,Event / Trade show,EMEA - South,3172.00
2024-02-01,Event / Trade show,EMEA - UK&I,814.00
2024-02-01,Event / Trade show,North America,6534.00
2024-02-01,Event / Trade show,Unknown,1752.00
2024-02-01,Paid search - Enterprise LP,APAC,665.00
2024-02-01,Paid search - Enterprise LP,EMEA - DACH,1606.00
2024-02-01,Paid search - Enterprise LP,EMEA - North,1484.00
2024-02-01,Paid search - Enterprise LP,EMEA - South,305.00
2024-02-01,Paid search - Enterprise LP,LATAM,830.00
2024-02-01,Paid search - Enterprise LP,North America,1986.00
2024-02-01,Paid search - Enterprise LP,Unknown,249.00
2024-02-01,Paid search - Self-serve,APAC,13380.00
2024-02-01,Paid search - Self-serve,EMEA - DACH,20324.00
2024-02-01,Paid search - Self-serve,EMEA - North,13429.00
2024-02-01,Paid search - Self-serve,EMEA - South,10606.00
2024-02-01,Paid search - Self-serve,EMEA - UK&I,12819.00
2024-02-01,Paid search - Self-serve,LATAM,10263.00
2024-02-01,Paid search - Self-serve,North America,35702.00
2024-02-01,Paid social,APAC,177.00
2024-02-01,Paid social,EMEA - DACH,603.00
2024-02-01,Paid social,EMEA - North,768.00
2024-02-01,Paid social,EMEA - South,1305.00
2024-02-01,Paid social,EMEA - UK&I,617.00
2024-02-01,Paid social,LATAM,444.00
2024-02-01,Paid social,North America,1662.00
2024-02-01,Paid social,Unknown,164.00
2024-02-01,Partner MDF,APAC,1157.00
2024-02-01,Partner MDF,EMEA - DACH,4231.00
2024-02-01,Partner MDF,EMEA - North,2240.00
2024-02-01,Partner MDF,EMEA - South,1984.00
2024-02-01,Partner MDF,EMEA - UK&I,1199.00
2024-02-01,Partner MDF,LATAM,842.00
2024-02-01,Partner MDF,North America,3781.00
2024-02-01,Webinar,APAC,558.00
2024-02-01,Webinar,EMEA - DACH,694.00
2024-02-01,Webinar,EMEA - North,789.00
2024-02-01,Webinar,EMEA - South,439.00
2024-02-01,Webinar,EMEA - UK&I,101.00
2024-02-01,Webinar,LATAM,194.00
2024-02-01,Webinar,North America,1087.00
2024-02-01,Webinar,Unknown,322.00
2024-03-01,Community sponsorships,APAC,2055.00
2024-03-01,Community sponsorships,EMEA - DACH,5959.00
2024-03-01,Community sponsorships,EMEA - North,2155.00
2024-03-01,Community sponsorships,EMEA - South,2035.00
2024-03-01,Community sponsorships,EMEA - UK&I,2025.00
2024-03-01,Community sponsorships,LATAM,3514.00
2024-03-01,Community sponsorships,North America,4601.00
2024-03-01,Content download,APAC,813.00
2024-03-01,Content download,EMEA - DACH,1334.00
2024-03-01,Content download,EMEA - North,882.00
2024-03-01,Content download,EMEA - South,791.00
2024-03-01,Content download,EMEA - UK&I,325.00
2024-03-01,Content download,LATAM,290.00
2024-03-01,Content download,North America,1846.00
2024-03-01,Content download,Unknown,992.00
2024-03-01,Event / Trade show,APAC,4394.00
2024-03-01,Event / Trade show,EMEA - DACH,11085.00
2024-03-01,Event / Trade show,EMEA - South,3606.00
2024-03-01,Event / Trade show,EMEA - UK&I,3005.00
2024-03-01,Event / Trade show,North America,10116.00
2024-03-01,Event / Trade show,Unknown,1523.00
2024-03-01,Paid search - Enterprise LP,APAC,212.00
2024-03-01,Paid search - Enterprise LP,EMEA - DACH,644.00
2024-03-01,Paid search - Enterprise LP,EMEA - North,641.00
2024-03-01,Paid search - Enterprise LP,EMEA - South,281.00
2024-03-01,Paid search - Enterprise LP,EMEA - UK&I,1568.00
2024-03-01,Paid search - Enterprise LP,LATAM,273.00
2024-03-01,Paid search - Enterprise LP,North America,888.00
2024-03-01,Paid search - Enterprise LP,Unknown,770.00
2024-03-01,Paid search - Self-serve,APAC,13508.00
2024-03-01,Paid search - Self-serve,EMEA - DACH,25578.00
2024-03-01,Paid search - Self-serve,EMEA - North,13282.00
2024-03-01,Paid search - Self-serve,EMEA - South,13719.00
2024-03-01,Paid search - Self-serve,EMEA - UK&I,12083.00
2024-03-01,Paid search - Self-serve,LATAM,11509.00
2024-03-01,Paid search - Self-serve,North America,31229.00
2024-03-01,Paid social,APAC,386.00
2024-03-01,Paid social,EMEA - DACH,1809.00
2024-03-01,Paid social,EMEA - North,1088.00
2024-03-01,Paid social,EMEA - South,844.00
2024-03-01,Paid social,EMEA - UK&I,347.00
2024-03-01,Paid social,North America,3031.00
2024-03-01,Paid social,Unknown,321.00
2024-03-01,Partner MDF,APAC,1412.00
2024-03-01,Partner MDF,EMEA - DACH,4173.00
2024-03-01,Partner MDF,EMEA - North,1353.00
2024-03-01,Partner MDF,EMEA - South,1838.00
2024-03-01,Partner MDF,EMEA - UK&I,2196.00
2024-03-01,Partner MDF,LATAM,1673.00
2024-03-01,Partner MDF,North America,2925.00
2024-03-01,Webinar,APAC,89.00
2024-03-01,Webinar,EMEA - DACH,883.00
2024-03-01,Webinar,EMEA - North,892.00
2024-03-01,Webinar,EMEA - South,732.00
2024-03-01,Webinar,EMEA - UK&I,391.00
2024-03-01,Webinar,LATAM,100.00
2024-03-01,Webinar,North America,2184.00
2024-03-01,Webinar,Unknown,217.00
2024-04-01,Community sponsorships,APAC,2746.00
2024-04-01,Community sponsorships,EMEA - DACH,4222.00
2024-04-01,Community sponsorships,EMEA - North,1852.00
2024-04-01,Community sponsorships,EMEA - South,3413.00
2024-04-01,Community sponsorships,EMEA - UK&I,1723.00
2024-04-01,Community sponsorships,LATAM,2200.00
2024-04-01,Community sponsorships,North America,5665.00
2024-04-01,Content download,APAC,581.00
2024-04-01,Content download,EMEA - DACH,1577.00
2024-04-01,Content download,EMEA - North,687.00
2024-04-01,Content download,EMEA - South,407.00
2024-04-01,Content download,EMEA - UK&I,370.00
2024-04-01,Content download,LATAM,108.00
2024-04-01,Content download,North America,1972.00
2024-04-01,Content download,Unknown,395.00
2024-04-01,Event / Trade show,APAC,6672.00
2024-04-01,Event / Trade show,EMEA - DACH,3439.00
2024-04-01,Event / Trade show,EMEA - North,4864.00
2024-04-01,Event / Trade show,EMEA - South,1564.00
2024-04-01,Event / Trade show,EMEA - UK&I,3352.00
2024-04-01,Event / Trade show,North America,10368.00
2024-04-01,Event / Trade show,Unknown,4491.00
2024-04-01,Paid search - Enterprise LP,APAC,595.00
2024-04-01,Paid search - Enterprise LP,EMEA - DACH,795.00
2024-04-01,Paid search - Enterprise LP,EMEA - North,569.00
2024-04-01,Paid search - Enterprise LP,EMEA - South,1129.00
2024-04-01,Paid search - Enterprise LP,EMEA - UK&I,1476.00
2024-04-01,Paid search - Enterprise LP,LATAM,774.00
2024-04-01,Paid search - Enterprise LP,North America,1742.00
2024-04-01,Paid search - Enterprise LP,Unknown,1247.00
2024-04-01,Paid search - Self-serve,APAC,11738.00
2024-04-01,Paid search - Self-serve,EMEA - DACH,23526.00
2024-04-01,Paid search - Self-serve,EMEA - North,13351.00
2024-04-01,Paid search - Self-serve,EMEA - South,10849.00
2024-04-01,Paid search - Self-serve,EMEA - UK&I,10944.00
2024-04-01,Paid search - Self-serve,LATAM,10294.00
2024-04-01,Paid search - Self-serve,North America,31396.00
2024-04-01,Paid social,APAC,847.00
2024-04-01,Paid social,EMEA - DACH,1509.00
2024-04-01,Paid social,EMEA - North,1402.00
2024-04-01,Paid social,EMEA - South,1674.00
2024-04-01,Paid social,EMEA - UK&I,1078.00
2024-04-01,Paid social,LATAM,420.00
2024-04-01,Paid social,North America,2098.00
2024-04-01,Paid social,Unknown,581.00
2024-04-01,Partner MDF,APAC,1823.00
2024-04-01,Partner MDF,EMEA - DACH,2387.00
2024-04-01,Partner MDF,EMEA - North,1064.00
2024-04-01,Partner MDF,EMEA - South,1257.00
2024-04-01,Partner MDF,EMEA - UK&I,1012.00
2024-04-01,Partner MDF,LATAM,1841.00
2024-04-01,Partner MDF,North America,3910.00
2024-04-01,Webinar,APAC,251.00
2024-04-01,Webinar,EMEA - DACH,1328.00
2024-04-01,Webinar,EMEA - North,418.00
2024-04-01,Webinar,EMEA - South,693.00
2024-04-01,Webinar,EMEA - UK&I,514.00
2024-04-01,Webinar,LATAM,219.00
2024-04-01,Webinar,North America,2149.00
2024-04-01,Webinar,Unknown,517.00
2024-05-01,Community sponsorships,APAC,1919.00
2024-05-01,Community sponsorships,EMEA - DACH,2891.00
2024-05-01,Community sponsorships,EMEA - North,2200.00
2024-05-01,Community sponsorships,EMEA - South,1586.00
2024-05-01,Community sponsorships,EMEA - UK&I,2908.00
2024-05-01,Community sponsorships,LATAM,3445.00
2024-05-01,Community sponsorships,North America,6478.00
2024-05-01,Content download,APAC,825.00
2024-05-01,Content download,EMEA - DACH,1648.00
2024-05-01,Content download,EMEA - North,1120.00
2024-05-01,Content download,EMEA - South,713.00
2024-05-01,Content download,EMEA - UK&I,813.00
2024-05-01,Content download,LATAM,221.00
2024-05-01,Content download,North America,2447.00
2024-05-01,Content download,Unknown,306.00
2024-05-01,Event / Trade show,APAC,2578.00
2024-05-01,Event / Trade show,EMEA - DACH,5336.00
2024-05-01,Event / Trade show,EMEA - North,920.00
2024-05-01,Event / Trade show,EMEA - South,4908.00
2024-05-01,Event / Trade show,EMEA - UK&I,5215.00
2024-05-01,Event / Trade show,LATAM,1968.00
2024-05-01,Event / Trade show,North America,7580.00
2024-05-01,Event / Trade show,Unknown,1777.00
2024-05-01,Paid search - Enterprise LP,EMEA - DACH,2289.00
2024-05-01,Paid search - Enterprise LP,EMEA - North,1673.00
2024-05-01,Paid search - Enterprise LP,EMEA - South,911.00
2024-05-01,Paid search - Enterprise LP,EMEA - UK&I,846.00
2024-05-01,Paid search - Enterprise LP,LATAM,231.00
2024-05-01,Paid search - Enterprise LP,North America,2114.00
2024-05-01,Paid search - Enterprise LP,Unknown,435.00
2024-05-01,Paid search - Self-serve,APAC,13194.00
2024-05-01,Paid search - Self-serve,EMEA - DACH,28451.00
2024-05-01,Paid search - Self-serve,EMEA - North,12927.00
2024-05-01,Paid search - Self-serve,EMEA - South,11879.00
2024-05-01,Paid search - Self-serve,EMEA - UK&I,11665.00
2024-05-01,Paid search - Self-serve,LATAM,10449.00
2024-05-01,Paid search - Self-serve,North America,25560.00
2024-05-01,Paid social,APAC,1195.00
2024-05-01,Paid social,EMEA - DACH,935.00
2024-05-01,Paid social,EMEA - North,1487.00
2024-05-01,Paid social,EMEA - South,745.00
2024-05-01,Paid social,EMEA - UK&I,821.00
2024-05-01,Paid social,LATAM,322.00
2024-05-01,Paid social,North America,2903.00
2024-05-01,Paid social,Unknown,853.00
2024-05-01,Partner MDF,APAC,793.00
2024-05-01,Partner MDF,EMEA - DACH,3615.00
2024-05-01,Partner MDF,EMEA - North,1611.00
2024-05-01,Partner MDF,EMEA - South,1692.00
2024-05-01,Partner MDF,EMEA - UK&I,1770.00
2024-05-01,Partner MDF,LATAM,2201.00
2024-05-01,Partner MDF,North America,5168.00
2024-05-01,Webinar,APAC,535.00
2024-05-01,Webinar,EMEA - DACH,1081.00
2024-05-01,Webinar,EMEA - North,1111.00
2024-05-01,Webinar,EMEA - South,2325.00
2024-05-01,Webinar,EMEA - UK&I,638.00
2024-05-01,Webinar,LATAM,207.00
2024-05-01,Webinar,North America,1586.00
2024-05-01,Webinar,Unknown,1060.00
2024-06-01,Community sponsorships,APAC,3087.00
2024-06-01,Community sponsorships,EMEA - DACH,5131.00
2024-06-01,Community sponsorships,EMEA - North,1555.00
2024-06-01,Community sponsorships,EMEA - South,2320.00
2024-06-01,Community sponsorships,EMEA - UK&I,3384.00
2024-06-01,Community sponsorships,LATAM,2313.00
2024-06-01,Community sponsorships,North America,3893.00
2024-06-01,Content download,APAC,433.00
2024-06-01,Content download,EMEA - DACH,959.00
2024-06-01,Content download,EMEA - North,1140.00
2024-06-01,Content download,EMEA - South,533.00
2024-06-01,Content download,EMEA - UK&I,1061.00
2024-06-01,Content download,LATAM,294.00
2024-06-01,Content download,North America,1876.00
2024-06-01,Content download,Unknown,217.00
2024-06-01,Event / Trade show,APAC,3697.00
2024-06-01,Event / Trade show,EMEA - DACH,5364.00
2024-06-01,Event / Trade show,EMEA - North,3441.00
2024-06-01,Event / Trade show,EMEA - South,1595.00
2024-06-01,Event / Trade show,EMEA - UK&I,967.00
2024-06-01,Event / Trade show,LATAM,2058.00
2024-06-01,Event / Trade show,North America,7924.00
2024-06-01,Event / Trade show,Unknown,1039.00
2024-06-01,Paid search - Enterprise LP,APAC,894.00
2024-06-01,Paid search - Enterprise LP,EMEA - DACH,2318.00
2024-06-01,Paid search - Enterprise LP,EMEA - North,293.00
2024-06-01,Paid search - Enterprise LP,EMEA - South,1290.00
2024-06-01,Paid search - Enterprise LP,EMEA - UK&I,1588.00
2024-06-01,Paid search - Enterprise LP,North America,2190.00
2024-06-01,Paid search - Enterprise LP,Unknown,1531.00
2024-06-01,Paid search - Self-serve,APAC,9843.00
2024-06-01,Paid search - Self-serve,EMEA - DACH,22365.00
2024-06-01,Paid search - Self-serve,EMEA - North,11563.00
2024-06-01,Paid search - Self-serve,EMEA - South,10470.00
2024-06-01,Paid search - Self-serve,EMEA - UK&I,12460.00
2024-06-01,Paid search - Self-serve,LATAM,13802.00
2024-06-01,Paid search - Self-serve,North America,31984.00
2024-06-01,Paid social,APAC,941.00
2024-06-01,Paid social,EMEA - DACH,1044.00
2024-06-01,Paid social,EMEA - North,1929.00
2024-06-01,Paid social,EMEA - South,1467.00
2024-06-01,Paid social,EMEA - UK&I,578.00
2024-06-01,Paid social,LATAM,144.00
2024-06-01,Paid social,North America,3032.00
2024-06-01,Paid social,Unknown,900.00
2024-06-01,Partner MDF,APAC,863.00
2024-06-01,Partner MDF,EMEA - DACH,4113.00
2024-06-01,Partner MDF,EMEA - North,911.00
2024-06-01,Partner MDF,EMEA - South,1225.00
2024-06-01,Partner MDF,EMEA - UK&I,1665.00
2024-06-01,Partner MDF,LATAM,873.00
2024-06-01,Partner MDF,North America,3322.00
2024-06-01,Webinar,APAC,431.00
2024-06-01,Webinar,EMEA - DACH,916.00
2024-06-01,Webinar,EMEA - North,1230.00
2024-06-01,Webinar,EMEA - South,830.00
2024-06-01,Webinar,EMEA - UK&I,381.00
2024-06-01,Webinar,LATAM,223.00
2024-06-01,Webinar,North America,3114.00
2024-06-01,Webinar,Unknown,960.00
2024-07-01,Community sponsorships,APAC,1679.00
2024-07-01,Community sponsorships,EMEA - DACH,5391.00
2024-07-01,Community sponsorships,EMEA - North,1599.00
2024-07-01,Community sponsorships,EMEA - South,1410.00
2024-07-01,Community sponsorships,EMEA - UK&I,1550.00
2024-07-01,Community sponsorships,LATAM,3502.00
2024-07-01,Community sponsorships,North America,4873.00
2024-07-01,Content download,APAC,299.00
2024-07-01,Content download,EMEA - DACH,1009.00
2024-07-01,Content download,EMEA - North,567.00
2024-07-01,Content download,EMEA - South,1018.00
2024-07-01,Content download,EMEA - UK&I,960.00
2024-07-01,Content download,LATAM,113.00
2024-07-01,Content download,North America,2407.00
2024-07-01,Content download,Unknown,1021.00
2024-07-01,Event / Trade show,APAC,6011.00
2024-07-01,Event / Trade show,EMEA - DACH,7973.00
2024-07-01,Event / Trade show,EMEA - North,7802.00
2024-07-01,Event / Trade show,EMEA - South,5229.00
2024-07-01,Event / Trade show,EMEA - UK&I,4914.00
2024-07-01,Event / Trade show,LATAM,930.00
2024-07-01,Event / Trade show,North America,5254.00
2024-07-01,Event / Trade show,Unknown,3101.00
2024-07-01,Paid search - Enterprise LP,APAC,710.00
2024-07-01,Paid search - Enterprise LP,EMEA - DACH,1669.00
2024-07-01,Paid search - Enterprise LP,EMEA - North,1423.00
2024-07-01,Paid search - Enterprise LP,EMEA - South,645.00
2024-07-01,Paid search - Enterprise LP,EMEA - UK&I,1516.00
2024-07-01,Paid search - Enterprise LP,North America,2341.00
2024-07-01,Paid search - Enterprise LP,Unknown,223.00
2024-07-01,Paid search - Self-serve,APAC,13707.00
2024-07-01,Paid search - Self-serve,EMEA - DACH,26059.00
2024-07-01,Paid search - Self-serve,EMEA - North,11939.00
2024-07-01,Paid search - Self-serve,EMEA - South,10186.00
2024-07-01,Paid search - Self-serve,EMEA - UK&I,14476.00
2024-07-01,Paid search - Self-serve,LATAM,14597.00
2024-07-01,Paid search - Self-serve,North America,26304.00
2024-07-01,Paid social,APAC,901.00
2024-07-01,Paid social,EMEA - DACH,2263.00
2024-07-01,Paid social,EMEA - North,1168.00
2024-07-01,Paid social,EMEA - South,871.00
2024-07-01,Paid social,EMEA - UK&I,1513.00
2024-07-01,Paid social,LATAM,224.00
2024-07-01,Paid social,North America,1298.00
2024-07-01,Paid social,Unknown,1012.00
2024-07-01,Partner MDF,APAC,856.00
2024-07-01,Partner MDF,EMEA - DACH,1975.00
2024-07-01,Partner MDF,EMEA - North,1627.00
2024-07-01,Partner MDF,EMEA - South,2133.00
2024-07-01,Partner MDF,EMEA - UK&I,1978.00
2024-07-01,Partner MDF,LATAM,2203.00
2024-07-01,Partner MDF,North America,3152.00
2024-07-01,Webinar,APAC,548.00
2024-07-01,Webinar,EMEA - DACH,816.00
2024-07-01,Webinar,EMEA - North,897.00
2024-07-01,Webinar,EMEA - South,383.00
2024-07-01,Webinar,EMEA - UK&I,1254.00
2024-07-01,Webinar,LATAM,136.00
2024-07-01,Webinar,North America,1507.00
2024-07-01,Webinar,Unknown,400.00
2024-08-01,Community sponsorships,APAC,3071.00
2024-08-01,Community sponsorships,EMEA - DACH,5535.00
2024-08-01,Community sponsorships,EMEA - North,2164.00
2024-08-01,Community sponsorships,EMEA - South,3138.00
2024-08-01,Community sponsorships,EMEA - UK&I,2314.00
2024-08-01,Community sponsorships,LATAM,2349.00
2024-08-01,Community sponsorships,North America,6805.00
2024-08-01,Content download,APAC,558.00
2024-08-01,Content download,EMEA - DACH,1513.00
2024-08-01,Content download,EMEA - North,1143.00
2024-08-01,Content download,EMEA - South,1097.00
2024-08-01,Content download,EMEA - UK&I,560.00
2024-08-01,Content download,LATAM,187.00
2024-08-01,Content download,North America,2175.00
2024-08-01,Content download,Unknown,222.00
2024-08-01,Event / Trade show,APAC,3288.00
2024-08-01,Event / Trade show,EMEA - DACH,3966.00
2024-08-01,Event / Trade show,EMEA - North,3717.00
2024-08-01,Event / Trade show,EMEA - South,6348.00
2024-08-01,Event / Trade show,EMEA - UK&I,3771.00
2024-08-01,Event / Trade show,LATAM,1008.00
2024-08-01,Event / Trade show,North America,11017.00
2024-08-01,Event / Trade show,Unknown,3324.00
2024-08-01,Paid search - Enterprise LP,APAC,1116.00
2024-08-01,Paid search - Enterprise LP,EMEA - DACH,1560.00
2024-08-01,Paid search - Enterprise LP,EMEA - North,1655.00
2024-08-01,Paid search - Enterprise LP,EMEA - South,524.00
2024-08-01,Paid search - Enterprise LP,EMEA - UK&I,1870.00
2024-08-01,Paid search - Enterprise LP,LATAM,590.00
2024-08-01,Paid search - Enterprise LP,North America,2334.00
2024-08-01,Paid search - Enterprise LP,Unknown,277.00
2024-08-01,Paid search - Self-serve,APAC,12859.00
2024-08-01,Paid search - Self-serve,EMEA - DACH,20387.00
2024-08-01,Paid search - Self-serve,EMEA - North,10835.00
2024-08-01,Paid search - Self-serve,EMEA - South,12164.00
2024-08-01,Paid search - Self-serve,EMEA - UK&I,14602.00
2024-08-01,Paid search - Self-serve,LATAM,13051.00
2024-08-01,Paid search - Self-serve,North America,30054.00
2024-08-01,Paid social,APAC,1164.00
2024-08-01,Paid social,EMEA - DACH,1648.00
2024-08-01,Paid social,EMEA - North,1748.00
2024-08-01,Paid social,EMEA - South,1023.00
2024-08-01,Paid social,EMEA - UK&I,704.00
2024-08-01,Paid social,LATAM,167.00
2024-08-01,Paid social,North America,2074.00
2024-08-01,Paid social,Unknown,212.00
2024-08-01,Partner MDF,APAC,761.00
2024-08-01,Partner MDF,EMEA - DACH,3874.00
2024-08-01,Partner MDF,EMEA - North,1280.00
2024-08-01,Partner MDF,EMEA - South,2188.00
2024-08-01,Partner MDF,EMEA - UK&I,1477.00
2024-08-01,Partner MDF,LATAM,1029.00
2024-08-01,Partner MDF,North America,3856.00
2024-08-01,Webinar,APAC,359.00
2024-08-01,Webinar,EMEA - DACH,1055.00
2024-08-01,Webinar,EMEA - North,799.00
2024-08-01,Webinar,EMEA - South,806.00
2024-08-01,Webinar,EMEA - UK&I,960.00
2024-08-01,Webinar,LATAM,131.00
2024-08-01,Webinar,North America,2352.00
2024-08-01,Webinar,Unknown,662.00
2024-09-01,Community sponsorships,APAC,2204.00
2024-09-01,Community sponsorships,EMEA - DACH,6783.00
2024-09-01,Community sponsorships,EMEA - North,3007.00
2024-09-01,Community sponsorships,EMEA - South,2718.00
2024-09-01,Community sponsorships,EMEA - UK&I,1850.00
2024-09-01,Community sponsorships,LATAM,2535.00
2024-09-01,Community sponsorships,North America,6112.00
2024-09-01,Content download,APAC,695.00
2024-09-01,Content download,EMEA - DACH,1312.00
2024-09-01,Content download,EMEA - North,953.00
2024-09-01,Content download,EMEA - South,816.00
2024-09-01,Content download,EMEA - UK&I,659.00
2024-09-01,Content download,LATAM,102.00
2024-09-01,Content download,North America,2418.00
2024-09-01,Content download,Unknown,853.00
2024-09-01,Event / Trade show,APAC,3157.00
2024-09-01,Event / Trade show,EMEA - DACH,6618.00
2024-09-01,Event / Trade show,EMEA - North,3284.00
2024-09-01,Event / Trade show,EMEA - South,6057.00
2024-09-01,Event / Trade show,EMEA - UK&I,3122.00
2024-09-01,Event / Trade show,LATAM,910.00
2024-09-01,Event / Trade show,North America,9696.00
2024-09-01,Event / Trade show,Unknown,878.00
2024-09-01,Paid search - Enterprise LP,APAC,1045.00
2024-09-01,Paid search - Enterprise LP,EMEA - DACH,1169.00
2024-09-01,Paid search - Enterprise LP,EMEA - North,1084.00
2024-09-01,Paid search - Enterprise LP,EMEA - South,429.00
2024-09-01,Paid search - Enterprise LP,EMEA - UK&I,1522.00
2024-09-01,Paid search - Enterprise LP,LATAM,232.00
2024-09-01,Paid search - Enterprise LP,North America,470.00
2024-09-01,Paid search - Enterprise LP,Unknown,1368.00
2024-09-01,Paid search - Self-serve,APAC,14515.00
2024-09-01,Paid search - Self-serve,EMEA - DACH,26455.00
2024-09-01,Paid search - Self-serve,EMEA - North,11673.00
2024-09-01,Paid search - Self-serve,EMEA - South,14356.00
2024-09-01,Paid search - Self-serve,EMEA - UK&I,11040.00
2024-09-01,Paid search - Self-serve,LATAM,10778.00
2024-09-01,Paid search - Self-serve,North America,35742.00
2024-09-01,Paid social,APAC,1097.00
2024-09-01,Paid social,EMEA - DACH,1148.00
2024-09-01,Paid social,EMEA - North,916.00
2024-09-01,Paid social,EMEA - South,1514.00
2024-09-01,Paid social,EMEA - UK&I,355.00
2024-09-01,Paid social,North America,3810.00
2024-09-01,Paid social,Unknown,1066.00
2024-09-01,Partner MDF,APAC,924.00
2024-09-01,Partner MDF,EMEA - DACH,4471.00
2024-09-01,Partner MDF,EMEA - North,1193.00
2024-09-01,Partner MDF,EMEA - South,1993.00
2024-09-01,Partner MDF,EMEA - UK&I,1997.00
2024-09-01,Partner MDF,LATAM,1730.00
2024-09-01,Partner MDF,North America,2940.00
2024-09-01,Webinar,APAC,483.00
2024-09-01,Webinar,EMEA - DACH,1281.00
2024-09-01,Webinar,EMEA - North,751.00
2024-09-01,Webinar,EMEA - South,721.00
2024-09-01,Webinar,EMEA - UK&I,703.00
2024-09-01,Webinar,North America,1937.00
2024-09-01,Webinar,Unknown,226.00
2024-10-01,Community sponsorships,APAC,2631.00
2024-10-01,Community sponsorships,EMEA - DACH,5526.00
2024-10-01,Community sponsorships,EMEA - North,2166.00
2024-10-01,Community sponsorships,EMEA - South,2631.00
2024-10-01,Community sponsorships,EMEA - UK&I,3026.00
2024-10-01,Community sponsorships,LATAM,3444.00
2024-10-01,Community sponsorships,North America,8821.00
2024-10-01,Content download,APAC,651.00
2024-10-01,Content download,EMEA - DACH,1920.00
2024-10-01,Content download,EMEA - North,913.00
2024-10-01,Content download,EMEA - South,745.00
2024-10-01,Content download,EMEA - UK&I,594.00
2024-10-01,Content download,LATAM,351.00
2024-10-01,Content download,North America,2583.00
2024-10-01,Content download,Unknown,746.00
2024-10-01,Event / Trade show,APAC,1509.00
2024-10-01,Event / Trade show,EMEA - DACH,8082.00
2024-10-01,Event / Trade show,EMEA - North,7210.00
2024-10-01,Event / Trade show,EMEA - South,7701.00
2024-10-01,Event / Trade show,EMEA - UK&I,2924.00
2024-10-01,Event / Trade show,LATAM,987.00
2024-10-01,Event / Trade show,North America,11316.00
2024-10-01,Event / Trade show,Unknown,2597.00
2024-10-01,Paid search - Enterprise LP,APAC,629.00
2024-10-01,Paid search - Enterprise LP,EMEA - North,1023.00
2024-10-01,Paid search - Enterprise LP,EMEA - South,561.00
2024-10-01,Paid search - Enterprise LP,EMEA - UK&I,1104.00
2024-10-01,Paid search - Enterprise LP,LATAM,262.00
2024-10-01,Paid search - Enterprise LP,North America,3861.00
2024-10-01,Paid search - Enterprise LP,Unknown,1026.00
2024-10-01,Paid search - Self-serve,APAC,11572.00
2024-10-01,Paid search - Self-serve,EMEA - DACH,26564.00
2024-10-01,Paid search - Self-serve,EMEA - North,11902.00
2024-10-01,Paid search - Self-serve,EMEA - South,14946.00
2024-10-01,Paid search - Self-serve,EMEA - UK&I,11884.00
2024-10-01,Paid search - Self-serve,LATAM,11312.00
2024-10-01,Paid search - Self-serve,North America,35313.00
2024-10-01,Paid social,APAC,1449.00
2024-10-01,Paid social,EMEA - DACH,1434.00
2024-10-01,Paid social,EMEA - North,1171.00
2024-10-01,Paid social,EMEA - South,1977.00
2024-10-01,Paid social,EMEA - UK&I,980.00
2024-10-01,Paid social,LATAM,214.00
2024-10-01,Paid social,North America,2074.00
2024-10-01,Paid social,Unknown,942.00
2024-10-01,Partner MDF,APAC,1867.00
2024-10-01,Partner MDF,EMEA - DACH,4404.00
2024-10-01,Partner MDF,EMEA - North,1868.00
2024-10-01,Partner MDF,EMEA - South,1505.00
2024-10-01,Partner MDF,EMEA - UK&I,2133.00
2024-10-01,Partner MDF,LATAM,1165.00
2024-10-01,Partner MDF,North America,4555.00
2024-10-01,Webinar,APAC,849.00
2024-10-01,Webinar,EMEA - DACH,1246.00
2024-10-01,Webinar,EMEA - North,405.00
2024-10-01,Webinar,EMEA - South,729.00
2024-10-01,Webinar,EMEA - UK&I,195.00
2024-10-01,Webinar,LATAM,391.00
2024-10-01,Webinar,North America,2037.00
2024-10-01,Webinar,Unknown,624.00
2024-11-01,Community sponsorships,APAC,1357.00
2024-11-01,Community sponsorships,EMEA - DACH,3908.00
2024-11-01,Community sponsorships,EMEA - North,1592.00
2024-11-01,Community sponsorships,EMEA - South,3101.00
2024-11-01,Community sponsorships,EMEA - UK&I,1568.00
2024-11-01,Community sponsorships,LATAM,2827.00
2024-11-01,Community sponsorships,North America,8212.00
2024-11-01,Content download,APAC,599.00
2024-11-01,Content download,EMEA - DACH,1877.00
2024-11-01,Content download,EMEA - North,1335.00
2024-11-01,Content download,EMEA - South,1094.00
2024-11-01,Content download,EMEA - UK&I,1068.00
2024-11-01,Content download,LATAM,381.00
2024-11-01,Content download,North America,2454.00
2024-11-01,Content download,Unknown,637.00
2024-11-01,Event / Trade show,APAC,5376.00
2024-11-01,Event / Trade show,EMEA - DACH,8728.00
2024-11-01,Event / Trade show,EMEA - North,5287.00
2024-11-01,Event / Trade show,EMEA - South,5759.00
2024-11-01,Event / Trade show,EMEA - UK&I,3095.00
2024-11-01,Event / Trade show,LATAM,1989.00
2024-11-01,Event / Trade show,North America,3292.00
2024-11-01,Event / Trade show,Unknown,5882.00
2024-11-01,Paid search - Enterprise LP,APAC,258.00
2024-11-01,Paid search - Enterprise LP,EMEA - DACH,1531.00
2024-11-01,Paid search - Enterprise LP,EMEA - North,1903.00
2024-11-01,Paid search - Enterprise LP,EMEA - South,1421.00
2024-11-01,Paid search - Enterprise LP,EMEA - UK&I,577.00
2024-11-01,Paid search - Enterprise LP,LATAM,269.00
2024-11-01,Paid search - Enterprise LP,North America,4037.00
2024-11-01,Paid search - Enterprise LP,Unknown,637.00
2024-11-01,Paid search - Self-serve,APAC,11935.00
2024-11-01,Paid search - Self-serve,EMEA - DACH,22885.00
2024-11-01,Paid search - Self-serve,EMEA - North,13147.00
2024-11-01,Paid search - Self-serve,EMEA - South,11326.00
2024-11-01,Paid search - Self-serve,EMEA - UK&I,13247.00
2024-11-01,Paid search - Self-serve,LATAM,14353.00
2024-11-01,Paid search - Self-serve,North America,34189.00
2024-11-01,Paid social,APAC,159.00
2024-11-01,Paid social,EMEA - DACH,3079.00
2024-11-01,Paid social,EMEA - North,1463.00
2024-11-01,Paid social,EMEA - South,784.00
2024-11-01,Paid social,EMEA - UK&I,2045.00
2024-11-01,Paid social,LATAM,192.00
2024-11-01,Paid social,North America,3250.00
2024-11-01,Paid social,Unknown,1191.00
2024-11-01,Partner MDF,APAC,876.00
2024-11-01,Partner MDF,EMEA - DACH,4357.00
2024-11-01,Partner MDF,EMEA - North,1201.00
2024-11-01,Partner MDF,EMEA - South,1347.00
2024-11-01,Partner MDF,EMEA - UK&I,849.00
2024-11-01,Partner MDF,LATAM,1950.00
2024-11-01,Partner MDF,North America,4159.00
2024-11-01,Webinar,APAC,1001.00
2024-11-01,Webinar,EMEA - DACH,1095.00
2024-11-01,Webinar,EMEA - North,1162.00
2024-11-01,Webinar,EMEA - South,825.00
2024-11-01,Webinar,EMEA - UK&I,1294.00
2024-11-01,Webinar,LATAM,399.00
2024-11-01,Webinar,North America,2596.00
2024-11-01,Webinar,Unknown,613.00
2024-12-01,Community sponsorships,APAC,1488.00
2024-12-01,Community sponsorships,EMEA - DACH,4683.00
2024-12-01,Community sponsorships,EMEA - North,1811.00
2024-12-01,Community sponsorships,EMEA - South,3487.00
2024-12-01,Community sponsorships,EMEA - UK&I,2332.00
2024-12-01,Community sponsorships,LATAM,1456.00
2024-12-01,Community sponsorships,North America,8526.00
2024-12-01,Content download,APAC,962.00
2024-12-01,Content download,EMEA - DACH,1707.00
2024-12-01,Content download,EMEA - North,1051.00
2024-12-01,Content download,EMEA - South,735.00
2024-12-01,Content download,EMEA - UK&I,1082.00
2024-12-01,Content download,LATAM,97.00
2024-12-01,Content download,North America,2626.00
2024-12-01,Content download,Unknown,455.00
2024-12-01,Event / Trade show,APAC,838.00
2024-12-01,Event / Trade show,EMEA - DACH,6940.00
2024-12-01,Event / Trade show,EMEA - North,6877.00
2024-12-01,Event / Trade show,EMEA - South,6528.00
2024-12-01,Event / Trade show,EMEA - UK&I,3672.00
2024-12-01,Event / Trade show,LATAM,827.00
2024-12-01,Event / Trade show,North America,11148.00
2024-12-01,Event / Trade show,Unknown,5604.00
2024-12-01,Paid search - Enterprise LP,APAC,2428.00
2024-12-01,Paid search - Enterprise LP,EMEA - DACH,790.00
2024-12-01,Paid search - Enterprise LP,EMEA - North,790.00
2024-12-01,Paid search - Enterprise LP,EMEA - South,672.00
2024-12-01,Paid search - Enterprise LP,EMEA - UK&I,1424.00
2024-12-01,Paid search - Enterprise LP,LATAM,1152.00
2024-12-01,Paid search - Enterprise LP,North America,3347.00
2024-12-01,Paid search - Enterprise LP,Unknown,216.00
2024-12-01,Paid search - Self-serve,APAC,15802.00
2024-12-01,Paid search - Self-serve,EMEA - DACH,28455.00
2024-12-01,Paid search - Self-serve,EMEA - North,13560.00
2024-12-01,Paid search - Self-serve,EMEA - South,11912.00
2024-12-01,Paid search - Self-serve,EMEA - UK&I,11803.00
2024-12-01,Paid search - Self-serve,LATAM,15471.00
2024-12-01,Paid search - Self-serve,North America,29510.00
2024-12-01,Paid social,APAC,875.00
2024-12-01,Paid social,EMEA - DACH,2006.00
2024-12-01,Paid social,EMEA - North,1099.00
2024-12-01,Paid social,EMEA - South,1187.00
2024-12-01,Paid social,EMEA - UK&I,1033.00
2024-12-01,Paid social,LATAM,306.00
2024-12-01,Paid social,North America,4403.00
2024-12-01,Paid social,Unknown,156.00
2024-12-01,Partner MDF,APAC,1502.00
2024-12-01,Partner MDF,EMEA - DACH,4233.00
2024-12-01,Partner MDF,EMEA - North,2008.00
2024-12-01,Partner MDF,EMEA - South,1285.00
2024-12-01,Partner MDF,EMEA - UK&I,914.00
2024-12-01,Partner MDF,LATAM,1129.00
2024-12-01,Partner MDF,North America,5757.00
2024-12-01,Webinar,APAC,488.00
2024-12-01,Webinar,EMEA - DACH,2522.00
2024-12-01,Webinar,EMEA - North,405.00
2024-12-01,Webinar,EMEA - South,771.00
2024-12-01,Webinar,EMEA - UK&I,916.00
2024-12-01,Webinar,North America,2851.00
2024-12-01,Webinar,Unknown,881.00
2025-01-01,Community sponsorships,APAC,3382.00
2025-01-01,Community sponsorships,EMEA - DACH,4639.00
2025-01-01,Community sponsorships,EMEA - North,3363.00
2025-01-01,Community sponsorships,EMEA - South,2316.00
2025-01-01,Community sponsorships,EMEA - UK&I,2002.00
2025-01-01,Community sponsorships,LATAM,1949.00
2025-01-01,Community sponsorships,North America,9067.00
2025-01-01,Content download,APAC,545.00
2025-01-01,Content download,EMEA - DACH,2312.00
2025-01-01,Content download,EMEA - North,1490.00
2025-01-01,Content download,EMEA - South,1606.00
2025-01-01,Content download,EMEA - UK&I,988.00
2025-01-01,Content download,LATAM,485.00
2025-01-01,Content download,North America,2603.00
2025-01-01,Content download,Unknown,818.00
2025-01-01,Event / Trade show,APAC,3873.00
2025-01-01,Event / Trade show,EMEA - DACH,5423.00
2025-01-01,Event / Trade show,EMEA - North,5068.00
2025-01-01,Event / Trade show,EMEA - South,10043.00
2025-01-01,Event / Trade show,EMEA - UK&I,4550.00
2025-01-01,Event / Trade show,LATAM,1853.00
2025-01-01,Event / Trade show,North America,13026.00
2025-01-01,Event / Trade show,Unknown,2601.00
2025-01-01,Paid search - Enterprise LP,APAC,1749.00
2025-01-01,Paid search - Enterprise LP,EMEA - DACH,737.00
2025-01-01,Paid search - Enterprise LP,EMEA - North,958.00
2025-01-01,Paid search - Enterprise LP,EMEA - South,545.00
2025-01-01,Paid search - Enterprise LP,EMEA - UK&I,523.00
2025-01-01,Paid search - Enterprise LP,LATAM,235.00
2025-01-01,Paid search - Enterprise LP,North America,2148.00
2025-01-01,Paid search - Enterprise LP,Unknown,511.00
2025-01-01,Paid search - Self-serve,APAC,12938.00
2025-01-01,Paid search - Self-serve,EMEA - DACH,32103.00
2025-01-01,Paid search - Self-serve,EMEA - North,11430.00
2025-01-01,Paid search - Self-serve,EMEA - South,11721.00
2025-01-01,Paid search - Self-serve,EMEA - UK&I,14259.00
2025-01-01,Paid search - Self-serve,LATAM,14548.00
2025-01-01,Paid search - Self-serve,North America,34546.00
2025-01-01,Paid social,APAC,2441.00
2025-01-01,Paid social,EMEA - DACH,2911.00
2025-01-01,Paid social,EMEA - North,930.00
2025-01-01,Paid social,EMEA - South,2009.00
2025-01-01,Paid social,EMEA - UK&I,1345.00
2025-01-01,Paid social,LATAM,451.00
2025-01-01,Paid social,North America,4148.00
2025-01-01,Paid social,Unknown,774.00
2025-01-01,Partner MDF,APAC,1883.00
2025-01-01,Partner MDF,EMEA - DACH,2852.00
2025-01-01,Partner MDF,EMEA - North,1431.00
2025-01-01,Partner MDF,EMEA - South,914.00
2025-01-01,Partner MDF,EMEA - UK&I,1048.00
2025-01-01,Partner MDF,LATAM,2203.00
2025-01-01,Partner MDF,North America,5129.00
2025-01-01,Webinar,APAC,1188.00
2025-01-01,Webinar,EMEA - DACH,1063.00
2025-01-01,Webinar,EMEA - North,1262.00
2025-01-01,Webinar,EMEA - South,885.00
2025-01-01,Webinar,EMEA - UK&I,602.00
2025-01-01,Webinar,LATAM,407.00
2025-01-01,Webinar,North America,3002.00
2025-01-01,Webinar,Unknown,1906.00
2025-02-01,Community sponsorships,APAC,1428.00
2025-02-01,Community sponsorships,EMEA - DACH,2842.00
2025-02-01,Community sponsorships,EMEA - North,3005.00
2025-02-01,Community sponsorships,EMEA - South,2955.00
2025-02-01,Community sponsorships,EMEA - UK&I,1449.00
2025-02-01,Community sponsorships,LATAM,1270.00
2025-02-01,Community sponsorships,North America,4686.00
2025-02-01,Content download,APAC,803.00
2025-02-01,Content download,EMEA - DACH,1223.00
2025-02-01,Content download,EMEA - North,1518.00
2025-02-01,Content download,EMEA - South,531.00
2025-02-01,Content download,EMEA - UK&I,740.00
2025-02-01,Content download,LATAM,414.00
2025-02-01,Content download,North America,2143.00
2025-02-01,Content download,Unknown,905.00
2025-02-01,Event / Trade show,APAC,3971.00
2025-02-01,Event / Trade show,EMEA - DACH,8711.00
2025-02-01,Event / Trade show,EMEA - North,2657.00
2025-02-01,Event / Trade show,EMEA - South,3618.00
2025-02-01,Event / Trade show,EMEA - UK&I,5583.00
2025-02-01,Event / Trade show,LATAM,1112.00
2025-02-01,Event / Trade show,North America,20334.00
2025-02-01,Event / Trade show,Unknown,1612.00
2025-02-01,Paid search - Enterprise LP,APAC,469.00
2025-02-01,Paid search - Enterprise LP,EMEA - DACH,2319.00
2025-02-01,Paid search - Enterprise LP,EMEA - North,1185.00
2025-02-01,Paid search - Enterprise LP,EMEA - South,1371.00
2025-02-01,Paid search - Enterprise LP,EMEA - UK&I,908.00
2025-02-01,Paid search - Enterprise LP,North America,1937.00
2025-02-01,Paid search - Enterprise LP,Unknown,1441.00
2025-02-01,Paid search - Self-serve,APAC,12498.00
2025-02-01,Paid search - Self-serve,EMEA - DACH,32458.00
2025-02-01,Paid search - Self-serve,EMEA - North,14416.00
2025-02-01,Paid search - Self-serve,EMEA - South,12305.00
2025-02-01,Paid search - Self-serve,EMEA - UK&I,13687.00
2025-02-01,Paid search - Self-serve,LATAM,15388.00
2025-02-01,Paid search - Self-serve,North America,34837.00
2025-02-01,Paid social,APAC,1007.00
2025-02-01,Paid social,EMEA - DACH,2478.00
2025-02-01,Paid social,EMEA - North,1790.00
2025-02-01,Paid social,EMEA - South,2429.00
2025-02-01,Paid social,EMEA - UK&I,873.00
2025-02-01,Paid social,LATAM,832.00
2025-02-01,Paid social,North America,3798.00
2025-02-01,Paid social,Unknown,576.00
2025-02-01,Partner MDF,APAC,1342.00
2025-02-01,Partner MDF,EMEA - DACH,4378.00
2025-02-01,Partner MDF,EMEA - North,1991.00
2025-02-01,Partner MDF,EMEA - South,1330.00
2025-02-01,Partner MDF,EMEA - UK&I,1872.00
2025-02-01,Partner MDF,LATAM,1674.00
2025-02-01,Partner MDF,North America,2792.00
2025-02-01,Webinar,APAC,672.00
2025-02-01,Webinar,EMEA - DACH,1557.00
2025-02-01,Webinar,EMEA - North,647.00
2025-02-01,Webinar,EMEA - South,824.00
2025-02-01,Webinar,EMEA - UK&I,376.00
2025-02-01,Webinar,LATAM,435.00
2025-02-01,Webinar,North America,2080.00
2025-02-01,Webinar,Unknown,719.00
2025-03-01,Community sponsorships,APAC,2222.00
2025-03-01,Community sponsorships,EMEA - DACH,4892.00
2025-03-01,Community sponsorships,EMEA - North,3062.00
2025-03-01,Community sponsorships,EMEA - South,3094.00
2025-03-01,Community sponsorships,EMEA - UK&I,2598.00
2025-03-01,Community sponsorships,LATAM,1852.00
2025-03-01,Community sponsorships,North America,7844.00
2025-03-01,Content download,APAC,783.00
2025-03-01,Content download,EMEA - DACH,870.00
2025-03-01,Content download,EMEA - North,1043.00
2025-03-01,Content download,EMEA - South,856.00
2025-03-01,Content download,EMEA - UK&I,384.00
2025-03-01,Content download,LATAM,406.00
2025-03-01,Content download,North America,2719.00
2025-03-01,Content download,Unknown,402.00
2025-03-01,Event / Trade show,APAC,5503.00
2025-03-01,Event / Trade show,EMEA - DACH,9623.00
2025-03-01,Event / Trade show,EMEA - North,2577.00
2025-03-01,Event / Trade show,EMEA - South,4129.00
2025-03-01,Event / Trade show,EMEA - UK&I,4293.00
2025-03-01,Event / Trade show,LATAM,1777.00
2025-03-01,Event / Trade show,North America,10928.00
2025-03-01,Event / Trade show,Unknown,2753.00
2025-03-01,Paid search - Enterprise LP,APAC,644.00
2025-03-01,Paid search - Enterprise LP,EMEA - DACH,2867.00
2025-03-01,Paid search - Enterprise LP,EMEA - North,1299.00
2025-03-01,Paid search - Enterprise LP,EMEA - South,1195.00
2025-03-01,Paid search - Enterprise LP,EMEA - UK&I,898.00
2025-03-01,Paid search - Enterprise LP,LATAM,246.00
2025-03-01,Paid search - Enterprise LP,North America,3125.00
2025-03-01,Paid search - Enterprise LP,Unknown,895.00
2025-03-01,Paid search - Self-serve,APAC,12852.00
2025-03-01,Paid search - Self-serve,EMEA - DACH,32941.00
2025-03-01,Paid search - Self-serve,EMEA - North,11986.00
2025-03-01,Paid search - Self-serve,EMEA - South,16013.00
2025-03-01,Paid search - Self-serve,EMEA - UK&I,15296.00
2025-03-01,Paid search - Self-serve,LATAM,15828.00
2025-03-01,Paid search - Self-serve,North America,31938.00
2025-03-01,Paid social,APAC,1584.00
2025-03-01,Paid social,EMEA - DACH,3314.00
2025-03-01,Paid social,EMEA - North,2072.00
2025-03-01,Paid social,EMEA - South,1846.00
2025-03-01,Paid social,EMEA - UK&I,979.00
2025-03-01,Paid social,LATAM,608.00
2025-03-01,Paid social,North America,3451.00
2025-03-01,Paid social,Unknown,1339.00
2025-03-01,Partner MDF,APAC,1441.00
2025-03-01,Partner MDF,EMEA - DACH,3750.00
2025-03-01,Partner MDF,EMEA - North,1356.00
2025-03-01,Partner MDF,EMEA - South,1083.00
2025-03-01,Partner MDF,EMEA - UK&I,1578.00
2025-03-01,Partner MDF,LATAM,1803.00
2025-03-01,Partner MDF,North America,3942.00
2025-03-01,Webinar,APAC,248.00
2025-03-01,Webinar,EMEA - DACH,978.00
2025-03-01,Webinar,EMEA - North,1510.00
2025-03-01,Webinar,EMEA - South,1008.00
2025-03-01,Webinar,EMEA - UK&I,1012.00
2025-03-01,Webinar,LATAM,249.00
2025-03-01,Webinar,North America,2007.00
2025-03-01,Webinar,Unknown,454.00
2025-04-01,Community sponsorships,APAC,1776.00
2025-04-01,Community sponsorships,EMEA - DACH,4280.00
2025-04-01,Community sponsorships,EMEA - North,2085.00
2025-04-01,Community sponsorships,EMEA - South,1384.00
2025-04-01,Community sponsorships,EMEA - UK&I,1376.00
2025-04-01,Community sponsorships,LATAM,2671.00
2025-04-01,Community sponsorships,North America,5753.00
2025-04-01,Content download,APAC,1101.00
2025-04-01,Content download,EMEA - DACH,1498.00
2025-04-01,Content download,EMEA - North,1551.00
2025-04-01,Content download,EMEA - South,707.00
2025-04-01,Content download,EMEA - UK&I,349.00
2025-04-01,Content download,LATAM,603.00
2025-04-01,Content download,North America,3011.00
2025-04-01,Content download,Unknown,608.00
2025-04-01,Event / Trade show,APAC,6748.00
2025-04-01,Event / Trade show,EMEA - DACH,10053.00
2025-04-01,Event / Trade show,EMEA - North,4267.00
2025-04-01,Event / Trade show,EMEA - South,4472.00
2025-04-01,Event / Trade show,EMEA - UK&I,3170.00
2025-04-01,Event / Trade show,LATAM,1046.00
2025-04-01,Event / Trade show,North America,10652.00
2025-04-01,Event / Trade show,Unknown,6046.00
2025-04-01,Paid search - Enterprise LP,APAC,1632.00
2025-04-01,Paid search - Enterprise LP,EMEA - DACH,2714.00
2025-04-01,Paid search - Enterprise LP,EMEA - North,506.00
2025-04-01,Paid search - Enterprise LP,EMEA - South,1616.00
2025-04-01,Paid search - Enterprise LP,EMEA - UK&I,1997.00
2025-04-01,Paid search - Enterprise LP,LATAM,735.00
2025-04-01,Paid search - Enterprise LP,North America,3363.00
2025-04-01,Paid search - Enterprise LP,Unknown,914.00
2025-04-01,Paid search - Self-serve,APAC,15542.00
2025-04-01,Paid search - Self-serve,EMEA - DACH,29275.00
2025-04-01,Paid search - Self-serve,EMEA - North,15742.00
2025-04-01,Paid search - Self-serve,EMEA - South,16831.00
2025-04-01,Paid search - Self-serve,EMEA - UK&I,13706.00
2025-04-01,Paid search - Self-serve,LATAM,14973.00
2025-04-01,Paid search - Self-serve,North America,42989.00
2025-04-01,Paid social,APAC,165.00
2025-04-01,Paid social,EMEA - DACH,1858.00
2025-04-01,Paid social,EMEA - North,2211.00
2025-04-01,Paid social,EMEA - South,1085.00
2025-04-01,Paid social,EMEA - UK&I,878.00
2025-04-01,Paid social,LATAM,204.00
2025-04-01,Paid social,North America,2596.00
2025-04-01,Paid social,Unknown,617.00
2025-04-01,Partner MDF,APAC,1899.00
2025-04-01,Partner MDF,EMEA - DACH,3231.00
2025-04-01,Partner MDF,EMEA - North,1853.00
2025-04-01,Partner MDF,EMEA - South,1641.00
2025-04-01,Partner MDF,EMEA - UK&I,1738.00
2025-04-01,Partner MDF,LATAM,945.00
2025-04-01,Partner MDF,North America,2887.00
2025-04-01,Webinar,APAC,847.00
2025-04-01,Webinar,EMEA - DACH,1851.00
2025-04-01,Webinar,EMEA - North,1325.00
2025-04-01,Webinar,EMEA - South,1693.00
2025-04-01,Webinar,EMEA - UK&I,1072.00
2025-04-01,Webinar,LATAM,267.00
2025-04-01,Webinar,North America,1735.00
2025-04-01,Webinar,Unknown,1283.00
2025-05-01,Community sponsorships,APAC,2204.00
2025-05-01,Community sponsorships,EMEA - DACH,3074.00
2025-05-01,Community sponsorships,EMEA - North,1379.00
2025-05-01,Community sponsorships,EMEA - South,3062.00
2025-05-01,Community sponsorships,EMEA - UK&I,2636.00
2025-05-01,Community sponsorships,LATAM,3172.00
2025-05-01,Community sponsorships,North America,9302.00
2025-05-01,Content download,APAC,879.00
2025-05-01,Content download,EMEA - DACH,1854.00
2025-05-01,Content download,EMEA - North,1302.00
2025-05-01,Content download,EMEA - South,1267.00
2025-05-01,Content download,EMEA - UK&I,998.00
2025-05-01,Content download,LATAM,273.00
2025-05-01,Content download,North America,2355.00
2025-05-01,Content download,Unknown,744.00
2025-05-01,Event / Trade show,APAC,3637.00
2025-05-01,Event / Trade show,EMEA - DACH,11819.00
2025-05-01,Event / Trade show,EMEA - North,3957.00
2025-05-01,Event / Trade show,EMEA - South,6729.00
2025-05-01,Event / Trade show,EMEA - UK&I,8388.00
2025-05-01,Event / Trade show,LATAM,864.00
2025-05-01,Event / Trade show,North America,11097.00
2025-05-01,Event / Trade show,Unknown,4329.00
2025-05-01,Paid search - Enterprise LP,APAC,295.00
2025-05-01,Paid search - Enterprise LP,EMEA - DACH,2906.00
2025-05-01,Paid search - Enterprise LP,EMEA - North,1063.00
2025-05-01,Paid search - Enterprise LP,EMEA - South,2036.00
2025-05-01,Paid search - Enterprise LP,EMEA - UK&I,641.00
2025-05-01,Paid search - Enterprise LP,LATAM,314.00
2025-05-01,Paid search - Enterprise LP,North America,2320.00
2025-05-01,Paid search - Enterprise LP,Unknown,1046.00
2025-05-01,Paid search - Self-serve,APAC,15458.00
2025-05-01,Paid search - Self-serve,EMEA - DACH,28513.00
2025-05-01,Paid search - Self-serve,EMEA - North,16391.00
2025-05-01,Paid search - Self-serve,EMEA - South,14383.00
2025-05-01,Paid search - Self-serve,EMEA - UK&I,13822.00
2025-05-01,Paid search - Self-serve,LATAM,15352.00
2025-05-01,Paid search - Self-serve,North America,34699.00
2025-05-01,Paid social,APAC,739.00
2025-05-01,Paid social,EMEA - DACH,3539.00
2025-05-01,Paid social,EMEA - North,2442.00
2025-05-01,Paid social,EMEA - South,1227.00
2025-05-01,Paid social,EMEA - UK&I,1237.00
2025-05-01,Paid social,LATAM,433.00
2025-05-01,Paid social,North America,2331.00
2025-05-01,Paid social,Unknown,808.00
2025-05-01,Partner MDF,APAC,2220.00
2025-05-01,Partner MDF,EMEA - DACH,2166.00
2025-05-01,Partner MDF,EMEA - North,1461.00
2025-05-01,Partner MDF,EMEA - South,999.00
2025-05-01,Partner MDF,EMEA - UK&I,1411.00
2025-05-01,Partner MDF,LATAM,767.00
2025-05-01,Partner MDF,North America,5290.00
2025-05-01,Webinar,APAC,909.00
2025-05-01,Webinar,EMEA - DACH,1896.00
2025-05-01,Webinar,EMEA - North,947.00
2025-05-01,Webinar,EMEA - South,743.00
2025-05-01,Webinar,EMEA - UK&I,420.00
2025-05-01,Webinar,LATAM,386.00
2025-05-01,Webinar,North America,2271.00
2025-05-01,Webinar,Unknown,1024.00
2025-06-01,Community sponsorships,APAC,2689.00
2025-06-01,Community sponsorships,EMEA - DACH,5473.00
2025-06-01,Community sponsorships,EMEA - North,1956.00
2025-06-01,Community sponsorships,EMEA - South,3304.00
2025-06-01,Community sponsorships,EMEA - UK&I,3563.00
2025-06-01,Community sponsorships,LATAM,2993.00
2025-06-01,Community sponsorships,North America,3659.00
2025-06-01,Content download,APAC,664.00
2025-06-01,Content download,EMEA - DACH,1879.00
2025-06-01,Content download,EMEA - North,1441.00
2025-06-01,Content download,EMEA - South,736.00
2025-06-01,Content download,EMEA - UK&I,881.00
2025-06-01,Content download,LATAM,500.00
2025-06-01,Content download,North America,3063.00
2025-06-01,Content download,Unknown,634.00
2025-06-01,Event / Trade show,APAC,7764.00
2025-06-01,Event / Trade show,EMEA - DACH,12033.00
2025-06-01,Event / Trade show,EMEA - North,12211.00
2025-06-01,Event / Trade show,EMEA - South,3143.00
2025-06-01,Event / Trade show,EMEA - UK&I,6129.00
2025-06-01,Event / Trade show,LATAM,756.00
2025-06-01,Event / Trade show,North America,9916.00
2025-06-01,Event / Trade show,Unknown,2699.00
2025-06-01,Paid search - Enterprise LP,APAC,669.00
2025-06-01,Paid search - Enterprise LP,EMEA - DACH,2079.00
2025-06-01,Paid search - Enterprise LP,EMEA - North,1442.00
2025-06-01,Paid search - Enterprise LP,EMEA - South,1602.00
2025-06-01,Paid search - Enterprise LP,EMEA - UK&I,1579.00
2025-06-01,Paid search - Enterprise LP,LATAM,948.00
2025-06-01,Paid search - Enterprise LP,North America,2374.00
2025-06-01,Paid search - Enterprise LP,Unknown,813.00
2025-06-01,Paid search - Self-serve,APAC,11955.00
2025-06-01,Paid search - Self-serve,EMEA - DACH,28733.00
2025-06-01,Paid search - Self-serve,EMEA - North,17550.00
2025-06-01,Paid search - Self-serve,EMEA - South,15692.00
2025-06-01,Paid search - Self-serve,EMEA - UK&I,17195.00
2025-06-01,Paid search - Self-serve,LATAM,15914.00
2025-06-01,Paid search - Self-serve,North America,45311.00
2025-06-01,Paid social,APAC,1311.00
2025-06-01,Paid social,EMEA - DACH,1264.00
2025-06-01,Paid social,EMEA - North,605.00
2025-06-01,Paid social,EMEA - South,2075.00
2025-06-01,Paid social,EMEA - UK&I,1420.00
2025-06-01,Paid social,LATAM,749.00
2025-06-01,Paid social,North America,2503.00
2025-06-01,Paid social,Unknown,1397.00
2025-06-01,Partner MDF,APAC,1353.00
2025-06-01,Partner MDF,EMEA - DACH,4383.00
2025-06-01,Partner MDF,EMEA - North,1025.00
2025-06-01,Partner MDF,EMEA - South,1786.00
2025-06-01,Partner MDF,EMEA - UK&I,1411.00
2025-06-01,Partner MDF,LATAM,887.00
2025-06-01,Partner MDF,North America,2541.00
2025-06-01,Webinar,APAC,577.00
2025-06-01,Webinar,EMEA - DACH,1170.00
2025-06-01,Webinar,EMEA - North,796.00
2025-06-01,Webinar,EMEA - South,2215.00
2025-06-01,Webinar,EMEA - UK&I,764.00
2025-06-01,Webinar,LATAM,361.00
2025-06-01,Webinar,North America,2779.00
2025-06-01,Webinar,Unknown,941.00
2025-07-01,Community sponsorships,APAC,1423.00
2025-07-01,Community sponsorships,EMEA - DACH,6976.00
2025-07-01,Community sponsorships,EMEA - North,3309.00
2025-07-01,Community sponsorships,EMEA - South,1283.00
2025-07-01,Community sponsorships,EMEA - UK&I,3008.00
2025-07-01,Community sponsorships,LATAM,1334.00
2025-07-01,Community sponsorships,North America,8387.00
2025-07-01,Content download,APAC,1088.00
2025-07-01,Content download,EMEA - DACH,1770.00
2025-07-01,Content download,EMEA - North,1522.00
2025-07-01,Content download,EMEA - South,1580.00
2025-07-01,Content download,EMEA - UK&I,926.00
2025-07-01,Content download,LATAM,162.00
2025-07-01,Content download,North America,2611.00
2025-07-01,Content download,Unknown,461.00
2025-07-01,Event / Trade show,APAC,4311.00
2025-07-01,Event / Trade show,EMEA - DACH,9190.00
2025-07-01,Event / Trade show,EMEA - North,4003.00
2025-07-01,Event / Trade show,EMEA - South,5819.00
2025-07-01,Event / Trade show,EMEA - UK&I,3668.00
2025-07-01,Event / Trade show,LATAM,3075.00
2025-07-01,Event / Trade show,North America,21061.00
2025-07-01,Event / Trade show,Unknown,4368.00
2025-07-01,Paid search - Enterprise LP,APAC,1942.00
2025-07-01,Paid search - Enterprise LP,EMEA - DACH,2600.00
2025-07-01,Paid search - Enterprise LP,EMEA - North,927.00
2025-07-01,Paid search - Enterprise LP,EMEA - South,1440.00
2025-07-01,Paid search - Enterprise LP,EMEA - UK&I,1871.00
2025-07-01,Paid search - Enterprise LP,LATAM,278.00
2025-07-01,Paid search - Enterprise LP,North America,4336.00
2025-07-01,Paid search - Enterprise LP,Unknown,815.00
2025-07-01,Paid search - Self-serve,APAC,13833.00
2025-07-01,Paid search - Self-serve,EMEA - DACH,29785.00
2025-07-01,Paid search - Self-serve,EMEA - North,17204.00
2025-07-01,Paid search - Self-serve,EMEA - South,15118.00
2025-07-01,Paid search - Self-serve,EMEA - UK&I,12855.00
2025-07-01,Paid search - Self-serve,LATAM,17013.00
2025-07-01,Paid search - Self-serve,North America,41420.00
2025-07-01,Paid social,APAC,1549.00
2025-07-01,Paid social,EMEA - DACH,2088.00
2025-07-01,Paid social,EMEA - North,1747.00
2025-07-01,Paid social,EMEA - South,2151.00
2025-07-01,Paid social,EMEA - UK&I,966.00
2025-07-01,Paid social,LATAM,148.00
2025-07-01,Paid social,North America,2474.00
2025-07-01,Paid social,Unknown,1192.00
2025-07-01,Partner MDF,APAC,2089.00
2025-07-01,Partner MDF,EMEA - DACH,3005.00
2025-07-01,Partner MDF,EMEA - North,1494.00
2025-07-01,Partner MDF,EMEA - South,1625.00
2025-07-01,Partner MDF,EMEA - UK&I,1018.00
2025-07-01,Partner MDF,LATAM,1588.00
2025-07-01,Partner MDF,North America,2251.00
2025-07-01,Webinar,APAC,1023.00
2025-07-01,Webinar,EMEA - DACH,1571.00
2025-07-01,Webinar,EMEA - North,1374.00
2025-07-01,Webinar,EMEA - South,647.00
2025-07-01,Webinar,EMEA - UK&I,871.00
2025-07-01,Webinar,LATAM,188.00
2025-07-01,Webinar,North America,3039.00
2025-07-01,Webinar,Unknown,787.00
2025-08-01,Community sponsorships,APAC,1314.00
2025-08-01,Community sponsorships,EMEA - DACH,2423.00
2025-08-01,Community sponsorships,EMEA - North,1958.00
2025-08-01,Community sponsorships,EMEA - South,2763.00
2025-08-01,Community sponsorships,EMEA - UK&I,1759.00
2025-08-01,Community sponsorships,LATAM,1799.00
2025-08-01,Community sponsorships,North America,6488.00
2025-08-01,Content download,APAC,494.00
2025-08-01,Content download,EMEA - DACH,2328.00
2025-08-01,Content download,EMEA - North,933.00
2025-08-01,Content download,EMEA - South,1337.00
2025-08-01,Content download,EMEA - UK&I,1635.00
2025-08-01,Content download,LATAM,254.00
2025-08-01,Content download,North America,3432.00
2025-08-01,Content download,Unknown,1479.00
2025-08-01,Event / Trade show,APAC,5170.00
2025-08-01,Event / Trade show,EMEA - DACH,13624.00
2025-08-01,Event / Trade show,EMEA - North,4460.00
2025-08-01,Event / Trade show,EMEA - South,13083.00
2025-08-01,Event / Trade show,EMEA - UK&I,3469.00
2025-08-01,Event / Trade show,LATAM,3437.00
2025-08-01,Event / Trade show,North America,20104.00
2025-08-01,Event / Trade show,Unknown,5334.00
2025-08-01,Paid search - Enterprise LP,APAC,1028.00
2025-08-01,Paid search - Enterprise LP,EMEA - DACH,1903.00
2025-08-01,Paid search - Enterprise LP,EMEA - North,1803.00
2025-08-01,Paid search - Enterprise LP,EMEA - South,2334.00
2025-08-01,Paid search - Enterprise LP,EMEA - UK&I,1447.00
2025-08-01,Paid search - Enterprise LP,LATAM,212.00
2025-08-01,Paid search - Enterprise LP,North America,3130.00
2025-08-01,Paid search - Enterprise LP,Unknown,784.00
2025-08-01,Paid search - Self-serve,APAC,16688.00
2025-08-01,Paid search - Self-serve,EMEA - DACH,31094.00
2025-08-01,Paid search - Self-serve,EMEA - North,17794.00
2025-08-01,Paid search - Self-serve,EMEA - South,16644.00
2025-08-01,Paid search - Self-serve,EMEA - UK&I,17361.00
2025-08-01,Paid search - Self-serve,LATAM,16872.00
2025-08-01,Paid search - Self-serve,North America,32348.00
2025-08-01,Paid social,APAC,431.00
2025-08-01,Paid social,EMEA - DACH,2665.00
2025-08-01,Paid social,EMEA - North,3199.00
2025-08-01,Paid social,EMEA - South,465.00
2025-08-01,Paid social,EMEA - UK&I,1736.00
2025-08-01,Paid social,LATAM,436.00
2025-08-01,Paid social,North America,2807.00
2025-08-01,Paid social,Unknown,813.00
2025-08-01,Partner MDF,APAC,2128.00
2025-08-01,Partner MDF,EMEA - DACH,3522.00
2025-08-01,Partner MDF,EMEA - North,1296.00
2025-08-01,Partner MDF,EMEA - South,1627.00
2025-08-01,Partner MDF,EMEA - UK&I,2070.00
2025-08-01,Partner MDF,LATAM,1973.00
2025-08-01,Partner MDF,North America,5964.00
2025-08-01,Webinar,APAC,1315.00
2025-08-01,Webinar,EMEA - DACH,1939.00
2025-08-01,Webinar,EMEA - North,1728.00
2025-08-01,Webinar,EMEA - South,1071.00
2025-08-01,Webinar,EMEA - UK&I,711.00
2025-08-01,Webinar,LATAM,109.00
2025-08-01,Webinar,North America,2731.00
2025-08-01,Webinar,Unknown,497.00
2025-09-01,Community sponsorships,APAC,2658.00
2025-09-01,Community sponsorships,EMEA - DACH,5513.00
2025-09-01,Community sponsorships,EMEA - North,2147.00
2025-09-01,Community sponsorships,EMEA - South,1687.00
2025-09-01,Community sponsorships,EMEA - UK&I,1246.00
2025-09-01,Community sponsorships,LATAM,2723.00
2025-09-01,Community sponsorships,North America,8620.00
2025-09-01,Content download,APAC,1019.00
2025-09-01,Content download,EMEA - DACH,2089.00
2025-09-01,Content download,EMEA - North,1360.00
2025-09-01,Content download,EMEA - South,847.00
2025-09-01,Content download,EMEA - UK&I,1339.00
2025-09-01,Content download,LATAM,111.00
2025-09-01,Content download,North America,2696.00
2025-09-01,Content download,Unknown,985.00
2025-09-01,Event / Trade show,APAC,4858.00
2025-09-01,Event / Trade show,EMEA - DACH,6613.00
2025-09-01,Event / Trade show,EMEA - North,4373.00
2025-09-01,Event / Trade show,EMEA - South,7322.00
2025-09-01,Event / Trade show,EMEA - UK&I,6916.00
2025-09-01,Event / Trade show,North America,14421.00
2025-09-01,Paid search - Enterprise LP,EMEA - DACH,1610.00
2025-09-01,Paid search - Enterprise LP,EMEA - North,1889.00
2025-09-01,Paid search - Enterprise LP,EMEA - South,2466.00
2025-09-01,Paid search - Enterprise LP,EMEA - UK&I,1863.00
2025-09-01,Paid search - Enterprise LP,North America,4123.00
2025-09-01,Paid search - Enterprise LP,Unknown,1154.00
2025-09-01,Paid search - Self-serve,APAC,12930.00
2025-09-01,Paid search - Self-serve,EMEA - DACH,25362.00
2025-09-01,Paid search - Self-serve,EMEA - North,13693.00
2025-09-01,Paid search - Self-serve,EMEA - South,14225.00
2025-09-01,Paid search - Self-serve,EMEA - UK&I,12953.00
2025-09-01,Paid search - Self-serve,LATAM,12612.00
2025-09-01,Paid search - Self-serve,North America,43459.00
2025-09-01,Paid social,APAC,1104.00
2025-09-01,Paid social,EMEA - DACH,2875.00
2025-09-01,Paid social,EMEA - North,2397.00
2025-09-01,Paid social,EMEA - South,1570.00
2025-09-01,Paid social,EMEA - UK&I,1328.00
2025-09-01,Paid social,LATAM,163.00
2025-09-01,Paid social,North America,3102.00
2025-09-01,Paid social,Unknown,2160.00
2025-09-01,Partner MDF,APAC,879.00
2025-09-01,Partner MDF,EMEA - DACH,3899.00
2025-09-01,Partner MDF,EMEA - North,1898.00
2025-09-01,Partner MDF,EMEA - South,1314.00
2025-09-01,Partner MDF,EMEA - UK&I,2200.00
2025-09-01,Partner MDF,LATAM,1470.00
2025-09-01,Partner MDF,North America,2472.00
2025-09-01,Webinar,APAC,113.00
2025-09-01,Webinar,EMEA - DACH,2409.00
2025-09-01,Webinar,EMEA - North,1667.00
2025-09-01,Webinar,EMEA - South,1912.00
2025-09-01,Webinar,EMEA - UK&I,676.00
2025-09-01,Webinar,LATAM,96.00
2025-09-01,Webinar,North America,3096.00
2025-09-01,Webinar,Unknown,748.00
2025-10-01,Community sponsorships,APAC,1944.00
2025-10-01,Community sponsorships,EMEA - DACH,6265.00
2025-10-01,Community sponsorships,EMEA - North,1789.00
2025-10-01,Community sponsorships,EMEA - South,2747.00
2025-10-01,Community sponsorships,EMEA - UK&I,3011.00
2025-10-01,Community sponsorships,LATAM,3513.00
2025-10-01,Community sponsorships,North America,8740.00
2025-10-01,Content download,APAC,1018.00
2025-10-01,Content download,EMEA - DACH,1929.00
2025-10-01,Content download,EMEA - North,1859.00
2025-10-01,Content download,EMEA - South,1412.00
2025-10-01,Content download,EMEA - UK&I,973.00
2025-10-01,Content download,LATAM,265.00
2025-10-01,Content download,North America,3079.00
2025-10-01,Content download,Unknown,1518.00
2025-10-01,Event / Trade show,APAC,1469.00
2025-10-01,Event / Trade show,EMEA - DACH,9817.00
2025-10-01,Event / Trade show,EMEA - North,11576.00
2025-10-01,Event / Trade show,EMEA - South,11187.00
2025-10-01,Event / Trade show,EMEA - UK&I,3385.00
2025-10-01,Event / Trade show,LATAM,3464.00
2025-10-01,Event / Trade show,North America,17449.00
2025-10-01,Event / Trade show,Unknown,730.00
2025-10-01,Paid search - Enterprise LP,APAC,852.00
2025-10-01,Paid search - Enterprise LP,EMEA - DACH,2093.00
2025-10-01,Paid search - Enterprise LP,EMEA - North,2576.00
2025-10-01,Paid search - Enterprise LP,EMEA - South,1099.00
2025-10-01,Paid search - Enterprise LP,EMEA - UK&I,456.00
2025-10-01,Paid search - Enterprise LP,LATAM,645.00
2025-10-01,Paid search - Enterprise LP,North America,2980.00
2025-10-01,Paid search - Enterprise LP,Unknown,846.00
2025-10-01,Paid search - Self-serve,APAC,15819.00
2025-10-01,Paid search - Self-serve,EMEA - DACH,32792.00
2025-10-01,Paid search - Self-serve,EMEA - North,16817.00
2025-10-01,Paid search - Self-serve,EMEA - South,15133.00
2025-10-01,Paid search - Self-serve,EMEA - UK&I,14737.00
2025-10-01,Paid search - Self-serve,LATAM,16293.00
2025-10-01,Paid search - Self-serve,North America,36206.00
2025-10-01,Paid social,APAC,787.00
2025-10-01,Paid social,EMEA - DACH,2095.00
2025-10-01,Paid social,EMEA - North,1773.00
2025-10-01,Paid social,EMEA - South,785.00
2025-10-01,Paid social,EMEA - UK&I,1076.00
2025-10-01,Paid social,North America,4711.00
2025-10-01,Paid social,Unknown,1539.00
2025-10-01,Partner MDF,APAC,1532.00
2025-10-01,Partner MDF,EMEA - DACH,4292.00
2025-10-01,Partner MDF,EMEA - North,1081.00
2025-10-01,Partner MDF,EMEA - South,1469.00
2025-10-01,Partner MDF,EMEA - UK&I,1940.00
2025-10-01,Partner MDF,LATAM,1049.00
2025-10-01,Partner MDF,North America,5368.00
2025-10-01,Webinar,APAC,498.00
2025-10-01,Webinar,EMEA - DACH,2313.00
2025-10-01,Webinar,EMEA - North,1491.00
2025-10-01,Webinar,EMEA - South,1607.00
2025-10-01,Webinar,EMEA - UK&I,1742.00
2025-10-01,Webinar,LATAM,682.00
2025-10-01,Webinar,North America,2851.00
2025-10-01,Webinar,Unknown,802.00
2025-11-01,Community sponsorships,APAC,3323.00
2025-11-01,Community sponsorships,EMEA - DACH,5599.00
2025-11-01,Community sponsorships,EMEA - North,1222.00
2025-11-01,Community sponsorships,EMEA - South,2653.00
2025-11-01,Community sponsorships,EMEA - UK&I,2749.00
2025-11-01,Community sponsorships,LATAM,3004.00
2025-11-01,Community sponsorships,North America,5903.00
2025-11-01,Content download,APAC,1764.00
2025-11-01,Content download,EMEA - DACH,1895.00
2025-11-01,Content download,EMEA - North,1403.00
2025-11-01,Content download,EMEA - South,1135.00
2025-11-01,Content download,EMEA - UK&I,1349.00
2025-11-01,Content download,LATAM,445.00
2025-11-01,Content download,North America,3369.00
2025-11-01,Content download,Unknown,804.00
2025-11-01,Event / Trade show,APAC,4254.00
2025-11-01,Event / Trade show,EMEA - DACH,12095.00
2025-11-01,Event / Trade show,EMEA - North,3910.00
2025-11-01,Event / Trade show,EMEA - South,6388.00
2025-11-01,Event / Trade show,EMEA - UK&I,4010.00
2025-11-01,Event / Trade show,LATAM,832.00
2025-11-01,Event / Trade show,North America,18430.00
2025-11-01,Event / Trade show,Unknown,5764.00
2025-11-01,Paid search - Enterprise LP,APAC,545.00
2025-11-01,Paid search - Enterprise LP,EMEA - DACH,1607.00
2025-11-01,Paid search - Enterprise LP,EMEA - North,710.00
2025-11-01,Paid search - Enterprise LP,EMEA - South,258.00
2025-11-01,Paid search - Enterprise LP,EMEA - UK&I,1109.00
2025-11-01,Paid search - Enterprise LP,LATAM,524.00
2025-11-01,Paid search - Enterprise LP,North America,2259.00
2025-11-01,Paid search - Enterprise LP,Unknown,1167.00
2025-11-01,Paid search - Self-serve,APAC,15198.00
2025-11-01,Paid search - Self-serve,EMEA - DACH,31407.00
2025-11-01,Paid search - Self-serve,EMEA - North,16192.00
2025-11-01,Paid search - Self-serve,EMEA - South,13927.00
2025-11-01,Paid search - Self-serve,EMEA - UK&I,13135.00
2025-11-01,Paid search - Self-serve,LATAM,18256.00
2025-11-01,Paid search - Self-serve,North America,35828.00
2025-11-01,Paid social,APAC,1440.00
2025-11-01,Paid social,EMEA - DACH,3074.00
2025-11-01,Paid social,EMEA - North,2024.00
2025-11-01,Paid social,EMEA - South,1570.00
2025-11-01,Paid social,EMEA - UK&I,1437.00
2025-11-01,Paid social,LATAM,206.00
2025-11-01,Paid social,North America,3776.00
2025-11-01,Paid social,Unknown,1166.00
2025-11-01,Partner MDF,APAC,750.00
2025-11-01,Partner MDF,EMEA - DACH,3607.00
2025-11-01,Partner MDF,EMEA - North,1475.00
2025-11-01,Partner MDF,EMEA - South,1521.00
2025-11-01,Partner MDF,EMEA - UK&I,873.00
2025-11-01,Partner MDF,LATAM,1088.00
2025-11-01,Partner MDF,North America,3364.00
2025-11-01,Webinar,APAC,805.00
2025-11-01,Webinar,EMEA - DACH,1650.00
2025-11-01,Webinar,EMEA - North,1950.00
2025-11-01,Webinar,EMEA - South,1194.00
2025-11-01,Webinar,EMEA - UK&I,622.00
2025-11-01,Webinar,LATAM,384.00
2025-11-01,Webinar,North America,3437.00
2025-11-01,Webinar,Unknown,582.00
2025-12-01,Community sponsorships,APAC,3460.00
2025-12-01,Community sponsorships,EMEA - DACH,5501.00
2025-12-01,Community sponsorships,EMEA - North,1696.00
2025-12-01,Community sponsorships,EMEA - South,1213.00
2025-12-01,Community sponsorships,EMEA - UK&I,1780.00
2025-12-01,Community sponsorships,LATAM,1972.00
2025-12-01,Community sponsorships,North America,5421.00
2025-12-01,Content download,APAC,1168.00
2025-12-01,Content download,EMEA - DACH,1632.00
2025-12-01,Content download,EMEA - North,814.00
2025-12-01,Content download,EMEA - South,1569.00
2025-12-01,Content download,EMEA - UK&I,1109.00
2025-12-01,Content download,LATAM,220.00
2025-12-01,Content download,North America,3179.00
2025-12-01,Content download,Unknown,730.00
2025-12-01,Event / Trade show,APAC,10604.00
2025-12-01,Event / Trade show,EMEA - DACH,7005.00
2025-12-01,Event / Trade show,EMEA - North,4409.00
2025-12-01,Event / Trade show,EMEA - South,8822.00
2025-12-01,Event / Trade show,EMEA - UK&I,3330.00
2025-12-01,Event / Trade show,LATAM,972.00
2025-12-01,Event / Trade show,North America,13706.00
2025-12-01,Event / Trade show,Unknown,5159.00
2025-12-01,Paid search - Enterprise LP,APAC,527.00
2025-12-01,Paid search - Enterprise LP,EMEA - DACH,3029.00
2025-12-01,Paid search - Enterprise LP,EMEA - North,2458.00
2025-12-01,Paid search - Enterprise LP,EMEA - South,1936.00
2025-12-01,Paid search - Enterprise LP,EMEA - UK&I,1326.00
2025-12-01,Paid search - Enterprise LP,LATAM,433.00
2025-12-01,Paid search - Enterprise LP,North America,3217.00
2025-12-01,Paid search - Enterprise LP,Unknown,715.00
2025-12-01,Paid search - Self-serve,APAC,16217.00
2025-12-01,Paid search - Self-serve,EMEA - DACH,32490.00
2025-12-01,Paid search - Self-serve,EMEA - North,12808.00
2025-12-01,Paid search - Self-serve,EMEA - South,13129.00
2025-12-01,Paid search - Self-serve,EMEA - UK&I,14960.00
2025-12-01,Paid search - Self-serve,LATAM,14703.00
2025-12-01,Paid search - Self-serve,North America,38886.00
2025-12-01,Paid social,APAC,1099.00
2025-12-01,Paid social,EMEA - DACH,1935.00
2025-12-01,Paid social,EMEA - North,1842.00
2025-12-01,Paid social,EMEA - South,1736.00
2025-12-01,Paid social,EMEA - UK&I,602.00
2025-12-01,Paid social,LATAM,171.00
2025-12-01,Paid social,North America,4946.00
2025-12-01,Paid social,Unknown,1170.00
2025-12-01,Partner MDF,APAC,1666.00
2025-12-01,Partner MDF,EMEA - DACH,3860.00
2025-12-01,Partner MDF,EMEA - North,1099.00
2025-12-01,Partner MDF,EMEA - South,1125.00
2025-12-01,Partner MDF,EMEA - UK&I,1938.00
2025-12-01,Partner MDF,LATAM,1183.00
2025-12-01,Partner MDF,North America,4016.00
2025-12-01,Webinar,APAC,1128.00
2025-12-01,Webinar,EMEA - DACH,2432.00
2025-12-01,Webinar,EMEA - North,976.00
2025-12-01,Webinar,EMEA - South,931.00
2025-12-01,Webinar,EMEA - UK&I,583.00
2025-12-01,Webinar,LATAM,116.00
2025-12-01,Webinar,North America,4007.00
2025-12-01,Webinar,Unknown,690.00
2026-01-01,Community sponsorships,APAC,3117.00
2026-01-01,Community sponsorships,EMEA - DACH,5737.00
2026-01-01,Community sponsorships,EMEA - North,1859.00
2026-01-01,Community sponsorships,EMEA - South,2106.00
2026-01-01,Community sponsorships,EMEA - UK&I,1575.00
2026-01-01,Community sponsorships,LATAM,2465.00
2026-01-01,Community sponsorships,North America,8498.00
2026-01-01,Content download,APAC,908.00
2026-01-01,Content download,EMEA - DACH,2316.00
2026-01-01,Content download,EMEA - North,1308.00
2026-01-01,Content download,EMEA - South,1162.00
2026-01-01,Content download,EMEA - UK&I,1610.00
2026-01-01,Content download,LATAM,145.00
2026-01-01,Content download,North America,3360.00
2026-01-01,Content download,Unknown,779.00
2026-01-01,Event / Trade show,APAC,794.00
2026-01-01,Event / Trade show,EMEA - DACH,11090.00
2026-01-01,Event / Trade show,EMEA - North,9925.00
2026-01-01,Event / Trade show,EMEA - South,9906.00
2026-01-01,Event / Trade show,EMEA - UK&I,4701.00
2026-01-01,Event / Trade show,LATAM,2684.00
2026-01-01,Event / Trade show,North America,12045.00
2026-01-01,Event / Trade show,Unknown,3328.00
2026-01-01,Paid search - Enterprise LP,APAC,1621.00
2026-01-01,Paid search - Enterprise LP,EMEA - DACH,3982.00
2026-01-01,Paid search - Enterprise LP,EMEA - North,2902.00
2026-01-01,Paid search - Enterprise LP,EMEA - South,918.00
2026-01-01,Paid search - Enterprise LP,EMEA - UK&I,1565.00
2026-01-01,Paid search - Enterprise LP,North America,5583.00
2026-01-01,Paid search - Enterprise LP,Unknown,598.00
2026-01-01,Paid search - Self-serve,APAC,13515.00
2026-01-01,Paid search - Self-serve,EMEA - DACH,34438.00
2026-01-01,Paid search - Self-serve,EMEA - North,14622.00
2026-01-01,Paid search - Self-serve,EMEA - South,13302.00
2026-01-01,Paid search - Self-serve,EMEA - UK&I,17459.00
2026-01-01,Paid search - Self-serve,LATAM,18024.00
2026-01-01,Paid search - Self-serve,North America,49454.00
2026-01-01,Paid social,APAC,1240.00
2026-01-01,Paid social,EMEA - DACH,3330.00
2026-01-01,Paid social,EMEA - North,2041.00
2026-01-01,Paid social,EMEA - South,1138.00
2026-01-01,Paid social,EMEA - UK&I,2333.00
2026-01-01,Paid social,LATAM,936.00
2026-01-01,Paid social,North America,4071.00
2026-01-01,Paid social,Unknown,1739.00
2026-01-01,Partner MDF,APAC,833.00
2026-01-01,Partner MDF,EMEA - DACH,2663.00
2026-01-01,Partner MDF,EMEA - North,1160.00
2026-01-01,Partner MDF,EMEA - South,1556.00
2026-01-01,Partner MDF,EMEA - UK&I,1158.00
2026-01-01,Partner MDF,LATAM,1068.00
2026-01-01,Partner MDF,North America,3357.00
2026-01-01,Webinar,APAC,615.00
2026-01-01,Webinar,EMEA - DACH,2819.00
2026-01-01,Webinar,EMEA - North,1582.00
2026-01-01,Webinar,EMEA - South,313.00
2026-01-01,Webinar,EMEA - UK&I,1104.00
2026-01-01,Webinar,LATAM,273.00
2026-01-01,Webinar,North America,3094.00
2026-01-01,Webinar,Unknown,962.00
2026-02-01,Community sponsorships,APAC,2079.00
2026-02-01,Community sponsorships,EMEA - DACH,5026.00
2026-02-01,Community sponsorships,EMEA - North,3513.00
2026-02-01,Community sponsorships,EMEA - South,1337.00
2026-02-01,Community sponsorships,EMEA - UK&I,2782.00
2026-02-01,Community sponsorships,LATAM,1232.00
2026-02-01,Community sponsorships,North America,4725.00
2026-02-01,Content download,APAC,1030.00
2026-02-01,Content download,EMEA - DACH,1819.00
2026-02-01,Content download,EMEA - North,2013.00
2026-02-01,Content download,EMEA - South,872.00
2026-02-01,Content download,EMEA - UK&I,864.00
2026-02-01,Content download,LATAM,190.00
2026-02-01,Content download,North America,2632.00
2026-02-01,Content download,Unknown,761.00
2026-02-01,Event / Trade show,APAC,8480.00
2026-02-01,Event / Trade show,EMEA - DACH,11644.00
2026-02-01,Event / Trade show,EMEA - North,7133.00
2026-02-01,Event / Trade show,EMEA - South,3100.00
2026-02-01,Event / Trade show,EMEA - UK&I,8553.00
2026-02-01,Event / Trade show,LATAM,3078.00
2026-02-01,Event / Trade show,North America,10994.00
2026-02-01,Event / Trade show,Unknown,5582.00
2026-02-01,Paid search - Enterprise LP,APAC,1901.00
2026-02-01,Paid search - Enterprise LP,EMEA - DACH,3184.00
2026-02-01,Paid search - Enterprise LP,EMEA - North,1692.00
2026-02-01,Paid search - Enterprise LP,EMEA - South,1249.00
2026-02-01,Paid search - Enterprise LP,EMEA - UK&I,1120.00
2026-02-01,Paid search - Enterprise LP,LATAM,590.00
2026-02-01,Paid search - Enterprise LP,North America,2969.00
2026-02-01,Paid search - Enterprise LP,Unknown,1361.00
2026-02-01,Paid search - Self-serve,APAC,18511.00
2026-02-01,Paid search - Self-serve,EMEA - DACH,35864.00
2026-02-01,Paid search - Self-serve,EMEA - North,14591.00
2026-02-01,Paid search - Self-serve,EMEA - South,14112.00
2026-02-01,Paid search - Self-serve,EMEA - UK&I,19398.00
2026-02-01,Paid search - Self-serve,LATAM,19622.00
2026-02-01,Paid search - Self-serve,North America,35703.00
2026-02-01,Paid social,APAC,1121.00
2026-02-01,Paid social,EMEA - DACH,2725.00
2026-02-01,Paid social,EMEA - North,2302.00
2026-02-01,Paid social,EMEA - South,1581.00
2026-02-01,Paid social,EMEA - UK&I,1898.00
2026-02-01,Paid social,LATAM,190.00
2026-02-01,Paid social,North America,5949.00
2026-02-01,Paid social,Unknown,1085.00
2026-02-01,Partner MDF,APAC,2246.00
2026-02-01,Partner MDF,EMEA - DACH,3025.00
2026-02-01,Partner MDF,EMEA - North,1080.00
2026-02-01,Partner MDF,EMEA - South,964.00
2026-02-01,Partner MDF,EMEA - UK&I,1102.00
2026-02-01,Partner MDF,LATAM,909.00
2026-02-01,Partner MDF,North America,4986.00
2026-02-01,Webinar,APAC,823.00
2026-02-01,Webinar,EMEA - DACH,1919.00
2026-02-01,Webinar,EMEA - North,1318.00
2026-02-01,Webinar,EMEA - South,1180.00
2026-02-01,Webinar,EMEA - UK&I,1111.00
2026-02-01,Webinar,LATAM,287.00
2026-02-01,Webinar,North America,2085.00
2026-02-01,Webinar,Unknown,261.00
2026-03-01,Community sponsorships,APAC,1762.00
2026-03-01,Community sponsorships,EMEA - DACH,2708.00
2026-03-01,Community sponsorships,EMEA - North,2183.00
2026-03-01,Community sponsorships,EMEA - South,3575.00
2026-03-01,Community sponsorships,EMEA - UK&I,3447.00
2026-03-01,Community sponsorships,LATAM,2619.00
2026-03-01,Community sponsorships,North America,7418.00
2026-03-01,Content download,APAC,1293.00
2026-03-01,Content download,EMEA - DACH,1744.00
2026-03-01,Content download,EMEA - North,2075.00
2026-03-01,Content download,EMEA - South,961.00
2026-03-01,Content download,EMEA - UK&I,1178.00
2026-03-01,Content download,LATAM,113.00
2026-03-01,Content download,North America,4989.00
2026-03-01,Content download,Unknown,640.00
2026-03-01,Event / Trade show,APAC,6147.00
2026-03-01,Event / Trade show,EMEA - DACH,5953.00
2026-03-01,Event / Trade show,EMEA - North,7483.00
2026-03-01,Event / Trade show,EMEA - South,7679.00
2026-03-01,Event / Trade show,EMEA - UK&I,5360.00
2026-03-01,Event / Trade show,LATAM,917.00
2026-03-01,Event / Trade show,North America,21055.00
2026-03-01,Event / Trade show,Unknown,4207.00
2026-03-01,Paid search - Enterprise LP,APAC,773.00
2026-03-01,Paid search - Enterprise LP,EMEA - DACH,1431.00
2026-03-01,Paid search - Enterprise LP,EMEA - North,692.00
2026-03-01,Paid search - Enterprise LP,EMEA - South,1499.00
2026-03-01,Paid search - Enterprise LP,EMEA - UK&I,1177.00
2026-03-01,Paid search - Enterprise LP,North America,3033.00
2026-03-01,Paid search - Enterprise LP,Unknown,1141.00
2026-03-01,Paid search - Self-serve,APAC,16523.00
2026-03-01,Paid search - Self-serve,EMEA - DACH,36651.00
2026-03-01,Paid search - Self-serve,EMEA - North,18957.00
2026-03-01,Paid search - Self-serve,EMEA - South,15387.00
2026-03-01,Paid search - Self-serve,EMEA - UK&I,16134.00
2026-03-01,Paid search - Self-serve,LATAM,14861.00
2026-03-01,Paid search - Self-serve,North America,49207.00
2026-03-01,Paid social,APAC,1099.00
2026-03-01,Paid social,EMEA - DACH,3625.00
2026-03-01,Paid social,EMEA - North,3125.00
2026-03-01,Paid social,EMEA - South,2187.00
2026-03-01,Paid social,EMEA - UK&I,2757.00
2026-03-01,Paid social,LATAM,394.00
2026-03-01,Paid social,North America,3660.00
2026-03-01,Paid social,Unknown,2101.00
2026-03-01,Partner MDF,APAC,765.00
2026-03-01,Partner MDF,EMEA - DACH,2373.00
2026-03-01,Partner MDF,EMEA - North,1545.00
2026-03-01,Partner MDF,EMEA - South,1311.00
2026-03-01,Partner MDF,EMEA - UK&I,2088.00
2026-03-01,Partner MDF,LATAM,1368.00
2026-03-01,Partner MDF,North America,2810.00
2026-03-01,Webinar,APAC,560.00
2026-03-01,Webinar,EMEA - DACH,2764.00
2026-03-01,Webinar,EMEA - North,1833.00
2026-03-01,Webinar,EMEA - South,1007.00
2026-03-01,Webinar,EMEA - UK&I,1348.00
2026-03-01,Webinar,LATAM,212.00
2026-03-01,Webinar,North America,3552.00
2026-03-01,Webinar,Unknown,1324.00
2026-04-01,Community sponsorships,APAC,2118.00
2026-04-01,Community sponsorships,EMEA - DACH,2587.00
2026-04-01,Community sponsorships,EMEA - North,1207.00
2026-04-01,Community sponsorships,EMEA - South,2493.00
2026-04-01,Community sponsorships,EMEA - UK&I,2281.00
2026-04-01,Community sponsorships,LATAM,2423.00
2026-04-01,Community sponsorships,North America,7562.00
2026-04-01,Content download,APAC,1171.00
2026-04-01,Content download,EMEA - DACH,1905.00
2026-04-01,Content download,EMEA - North,1930.00
2026-04-01,Content download,EMEA - South,1372.00
2026-04-01,Content download,EMEA - UK&I,784.00
2026-04-01,Content download,LATAM,157.00
2026-04-01,Content download,North America,4413.00
2026-04-01,Content download,Unknown,1044.00
2026-04-01,Event / Trade show,APAC,4400.00
2026-04-01,Event / Trade show,EMEA - DACH,12118.00
2026-04-01,Event / Trade show,EMEA - North,7356.00
2026-04-01,Event / Trade show,EMEA - South,3318.00
2026-04-01,Event / Trade show,EMEA - UK&I,2606.00
2026-04-01,Event / Trade show,North America,11738.00
2026-04-01,Event / Trade show,Unknown,5362.00
2026-04-01,Paid search - Enterprise LP,APAC,2556.00
2026-04-01,Paid search - Enterprise LP,EMEA - DACH,1930.00
2026-04-01,Paid search - Enterprise LP,EMEA - North,1701.00
2026-04-01,Paid search - Enterprise LP,EMEA - South,249.00
2026-04-01,Paid search - Enterprise LP,EMEA - UK&I,1826.00
2026-04-01,Paid search - Enterprise LP,LATAM,246.00
2026-04-01,Paid search - Enterprise LP,North America,2774.00
2026-04-01,Paid search - Enterprise LP,Unknown,1434.00
2026-04-01,Paid search - Self-serve,APAC,15213.00
2026-04-01,Paid search - Self-serve,EMEA - DACH,29144.00
2026-04-01,Paid search - Self-serve,EMEA - North,13885.00
2026-04-01,Paid search - Self-serve,EMEA - South,18955.00
2026-04-01,Paid search - Self-serve,EMEA - UK&I,17731.00
2026-04-01,Paid search - Self-serve,LATAM,15371.00
2026-04-01,Paid search - Self-serve,North America,43963.00
2026-04-01,Paid social,APAC,761.00
2026-04-01,Paid social,EMEA - DACH,3149.00
2026-04-01,Paid social,EMEA - North,2602.00
2026-04-01,Paid social,EMEA - South,2606.00
2026-04-01,Paid social,EMEA - UK&I,956.00
2026-04-01,Paid social,LATAM,655.00
2026-04-01,Paid social,North America,2531.00
2026-04-01,Paid social,Unknown,1293.00
2026-04-01,Partner MDF,APAC,2221.00
2026-04-01,Partner MDF,EMEA - DACH,1644.00
2026-04-01,Partner MDF,EMEA - North,757.00
2026-04-01,Partner MDF,EMEA - South,1824.00
2026-04-01,Partner MDF,EMEA - UK&I,846.00
2026-04-01,Partner MDF,LATAM,875.00
2026-04-01,Partner MDF,North America,4798.00
2026-04-01,Webinar,APAC,1011.00
2026-04-01,Webinar,EMEA - DACH,2570.00
2026-04-01,Webinar,EMEA - North,1137.00
2026-04-01,Webinar,EMEA - South,1649.00
2026-04-01,Webinar,EMEA - UK&I,1799.00
2026-04-01,Webinar,LATAM,619.00
2026-04-01,Webinar,North America,1836.00
2026-04-01,Webinar,Unknown,674.00
2026-05-01,Community sponsorships,APAC,3575.00
2026-05-01,Community sponsorships,EMEA - DACH,3422.00
2026-05-01,Community sponsorships,EMEA - North,2677.00
2026-05-01,Community sponsorships,EMEA - South,2364.00
2026-05-01,Community sponsorships,EMEA - UK&I,1297.00
2026-05-01,Community sponsorships,LATAM,2243.00
2026-05-01,Community sponsorships,North America,6754.00
2026-05-01,Content download,APAC,1551.00
2026-05-01,Content download,EMEA - DACH,2123.00
2026-05-01,Content download,EMEA - North,1479.00
2026-05-01,Content download,EMEA - South,1019.00
2026-05-01,Content download,EMEA - UK&I,1006.00
2026-05-01,Content download,LATAM,336.00
2026-05-01,Content download,North America,3108.00
2026-05-01,Content download,Unknown,1120.00
2026-05-01,Event / Trade show,APAC,4012.00
2026-05-01,Event / Trade show,EMEA - DACH,14944.00
2026-05-01,Event / Trade show,EMEA - North,8830.00
2026-05-01,Event / Trade show,EMEA - South,6528.00
2026-05-01,Event / Trade show,EMEA - UK&I,14423.00
2026-05-01,Event / Trade show,LATAM,1011.00
2026-05-01,Event / Trade show,North America,17669.00
2026-05-01,Event / Trade show,Unknown,5396.00
2026-05-01,Paid search - Enterprise LP,APAC,1007.00
2026-05-01,Paid search - Enterprise LP,EMEA - DACH,974.00
2026-05-01,Paid search - Enterprise LP,EMEA - North,2758.00
2026-05-01,Paid search - Enterprise LP,EMEA - South,502.00
2026-05-01,Paid search - Enterprise LP,EMEA - UK&I,1737.00
2026-05-01,Paid search - Enterprise LP,LATAM,632.00
2026-05-01,Paid search - Enterprise LP,North America,6050.00
2026-05-01,Paid search - Enterprise LP,Unknown,2383.00
2026-05-01,Paid search - Self-serve,APAC,17116.00
2026-05-01,Paid search - Self-serve,EMEA - DACH,28052.00
2026-05-01,Paid search - Self-serve,EMEA - North,15143.00
2026-05-01,Paid search - Self-serve,EMEA - South,14310.00
2026-05-01,Paid search - Self-serve,EMEA - UK&I,16359.00
2026-05-01,Paid search - Self-serve,LATAM,14425.00
2026-05-01,Paid search - Self-serve,North America,37557.00
2026-05-01,Paid social,APAC,886.00
2026-05-01,Paid social,EMEA - DACH,4062.00
2026-05-01,Paid social,EMEA - North,3473.00
2026-05-01,Paid social,EMEA - South,1207.00
2026-05-01,Paid social,EMEA - UK&I,1586.00
2026-05-01,Paid social,LATAM,318.00
2026-05-01,Paid social,North America,4570.00
2026-05-01,Paid social,Unknown,981.00
2026-05-01,Partner MDF,APAC,1241.00
2026-05-01,Partner MDF,EMEA - DACH,2210.00
2026-05-01,Partner MDF,EMEA - North,1559.00
2026-05-01,Partner MDF,EMEA - South,1992.00
2026-05-01,Partner MDF,EMEA - UK&I,1366.00
2026-05-01,Partner MDF,LATAM,1947.00
2026-05-01,Partner MDF,North America,2401.00
2026-05-01,Webinar,APAC,725.00
2026-05-01,Webinar,EMEA - DACH,1362.00
2026-05-01,Webinar,EMEA - North,2154.00
2026-05-01,Webinar,EMEA - South,1159.00
2026-05-01,Webinar,EMEA - UK&I,733.00
2026-05-01,Webinar,LATAM,464.00
2026-05-01,Webinar,North America,2500.00
2026-05-01,Webinar,Unknown,1433.00
2026-06-01,Community sponsorships,APAC,3525.00
2026-06-01,Community sponsorships,EMEA - DACH,3493.00
2026-06-01,Community sponsorships,EMEA - North,2840.00
2026-06-01,Community sponsorships,EMEA - South,2488.00
2026-06-01,Community sponsorships,EMEA - UK&I,1994.00
2026-06-01,Community sponsorships,LATAM,3592.00
2026-06-01,Community sponsorships,North America,4014.00
2026-06-01,Content download,APAC,1608.00
2026-06-01,Content download,EMEA - DACH,2600.00
2026-06-01,Content download,EMEA - North,1873.00
2026-06-01,Content download,EMEA - South,827.00
2026-06-01,Content download,EMEA - UK&I,1228.00
2026-06-01,Content download,LATAM,265.00
2026-06-01,Content download,North America,3511.00
2026-06-01,Content download,Unknown,948.00
2026-06-01,Event / Trade show,APAC,4097.00
2026-06-01,Event / Trade show,EMEA - DACH,9497.00
2026-06-01,Event / Trade show,EMEA - North,11194.00
2026-06-01,Event / Trade show,EMEA - South,4753.00
2026-06-01,Event / Trade show,EMEA - UK&I,3656.00
2026-06-01,Event / Trade show,LATAM,2709.00
2026-06-01,Event / Trade show,North America,21705.00
2026-06-01,Event / Trade show,Unknown,8063.00
2026-06-01,Paid search - Enterprise LP,APAC,887.00
2026-06-01,Paid search - Enterprise LP,EMEA - DACH,3852.00
2026-06-01,Paid search - Enterprise LP,EMEA - North,1614.00
2026-06-01,Paid search - Enterprise LP,EMEA - South,1910.00
2026-06-01,Paid search - Enterprise LP,EMEA - UK&I,1627.00
2026-06-01,Paid search - Enterprise LP,LATAM,581.00
2026-06-01,Paid search - Enterprise LP,North America,6168.00
2026-06-01,Paid search - Enterprise LP,Unknown,1352.00
2026-06-01,Paid search - Self-serve,APAC,16055.00
2026-06-01,Paid search - Self-serve,EMEA - DACH,39184.00
2026-06-01,Paid search - Self-serve,EMEA - North,16049.00
2026-06-01,Paid search - Self-serve,EMEA - South,18809.00
2026-06-01,Paid search - Self-serve,EMEA - UK&I,19158.00
2026-06-01,Paid search - Self-serve,LATAM,16313.00
2026-06-01,Paid search - Self-serve,North America,50750.00
2026-06-01,Paid social,APAC,1033.00
2026-06-01,Paid social,EMEA - DACH,2570.00
2026-06-01,Paid social,EMEA - North,1972.00
2026-06-01,Paid social,EMEA - South,2252.00
2026-06-01,Paid social,EMEA - UK&I,1751.00
2026-06-01,Paid social,LATAM,980.00
2026-06-01,Paid social,North America,4022.00
2026-06-01,Paid social,Unknown,599.00
2026-06-01,Partner MDF,APAC,955.00
2026-06-01,Partner MDF,EMEA - DACH,1866.00
2026-06-01,Partner MDF,EMEA - North,1084.00
2026-06-01,Partner MDF,EMEA - South,960.00
2026-06-01,Partner MDF,EMEA - UK&I,1954.00
2026-06-01,Partner MDF,LATAM,1369.00
2026-06-01,Partner MDF,North America,4183.00
2026-06-01,Webinar,APAC,1455.00
2026-06-01,Webinar,EMEA - DACH,1543.00
2026-06-01,Webinar,EMEA - North,1686.00
2026-06-01,Webinar,EMEA - South,1584.00
2026-06-01,Webinar,EMEA - UK&I,1644.00
2026-06-01,Webinar,North America,3949.00
2026-06-01,Webinar,Unknown,829.00
2026-07-01,Community sponsorships,APAC,1420.00
2026-07-01,Community sponsorships,EMEA - DACH,5542.00
2026-07-01,Community sponsorships,EMEA - North,2586.00
2026-07-01,Community sponsorships,EMEA - South,1530.00
2026-07-01,Community sponsorships,EMEA - UK&I,3354.00
2026-07-01,Community sponsorships,LATAM,1271.00
2026-07-01,Community sponsorships,North America,6664.00
2026-07-01,Content download,APAC,1628.00
2026-07-01,Content download,EMEA - DACH,2233.00
2026-07-01,Content download,EMEA - North,2257.00
2026-07-01,Content download,EMEA - South,2295.00
2026-07-01,Content download,EMEA - UK&I,1976.00
2026-07-01,Content download,LATAM,367.00
2026-07-01,Content download,North America,4495.00
2026-07-01,Content download,Unknown,1018.00
2026-07-01,Event / Trade show,APAC,7387.00
2026-07-01,Event / Trade show,EMEA - DACH,5754.00
2026-07-01,Event / Trade show,EMEA - North,7083.00
2026-07-01,Event / Trade show,EMEA - South,6576.00
2026-07-01,Event / Trade show,EMEA - UK&I,5647.00
2026-07-01,Event / Trade show,LATAM,911.00
2026-07-01,Event / Trade show,North America,12390.00
2026-07-01,Event / Trade show,Unknown,6233.00
2026-07-01,Paid search - Enterprise LP,APAC,1289.00
2026-07-01,Paid search - Enterprise LP,EMEA - DACH,2855.00
2026-07-01,Paid search - Enterprise LP,EMEA - North,2923.00
2026-07-01,Paid search - Enterprise LP,EMEA - South,1742.00
2026-07-01,Paid search - Enterprise LP,EMEA - UK&I,1315.00
2026-07-01,Paid search - Enterprise LP,LATAM,271.00
2026-07-01,Paid search - Enterprise LP,North America,2720.00
2026-07-01,Paid search - Enterprise LP,Unknown,1597.00
2026-07-01,Paid search - Self-serve,APAC,19200.00
2026-07-01,Paid search - Self-serve,EMEA - DACH,34698.00
2026-07-01,Paid search - Self-serve,EMEA - North,17127.00
2026-07-01,Paid search - Self-serve,EMEA - South,20256.00
2026-07-01,Paid search - Self-serve,EMEA - UK&I,14577.00
2026-07-01,Paid search - Self-serve,LATAM,17891.00
2026-07-01,Paid search - Self-serve,North America,49757.00
2026-07-01,Paid social,APAC,2024.00
2026-07-01,Paid social,EMEA - DACH,2944.00
2026-07-01,Paid social,EMEA - North,1570.00
2026-07-01,Paid social,EMEA - South,2082.00
2026-07-01,Paid social,EMEA - UK&I,1618.00
2026-07-01,Paid social,LATAM,490.00
2026-07-01,Paid social,North America,3479.00
2026-07-01,Paid social,Unknown,961.00
2026-07-01,Partner MDF,APAC,978.00
2026-07-01,Partner MDF,EMEA - DACH,2878.00
2026-07-01,Partner MDF,EMEA - North,963.00
2026-07-01,Partner MDF,EMEA - South,2236.00
2026-07-01,Partner MDF,EMEA - UK&I,1090.00
2026-07-01,Partner MDF,LATAM,870.00
2026-07-01,Partner MDF,North America,2266.00
2026-07-01,Webinar,APAC,887.00
2026-07-01,Webinar,EMEA - DACH,2247.00
2026-07-01,Webinar,EMEA - North,2505.00
2026-07-01,Webinar,EMEA - South,1107.00
2026-07-01,Webinar,EMEA - UK&I,1486.00
2026-07-01,Webinar,LATAM,379.00
2026-07-01,Webinar,North America,4290.00
2026-07-01,Webinar,Unknown,762.00
2026-08-01,Community sponsorships,APAC,1489.00
2026-08-01,Community sponsorships,EMEA - DACH,3274.00
2026-08-01,Community sponsorships,EMEA - North,2031.00
2026-08-01,Community sponsorships,EMEA - South,1385.00
2026-08-01,Community sponsorships,EMEA - UK&I,2417.00
2026-08-01,Community sponsorships,LATAM,1246.00
2026-08-01,Community sponsorships,North America,8634.00
2026-08-01,Content download,APAC,1276.00
2026-08-01,Content download,EMEA - DACH,2711.00
2026-08-01,Content download,EMEA - North,1666.00
2026-08-01,Content download,EMEA - South,1698.00
2026-08-01,Content download,EMEA - UK&I,1724.00
2026-08-01,Content download,LATAM,436.00
2026-08-01,Content download,North America,3706.00
2026-08-01,Content download,Unknown,622.00
2026-08-01,Event / Trade show,APAC,4140.00
2026-08-01,Event / Trade show,EMEA - DACH,9384.00
2026-08-01,Event / Trade show,EMEA - North,4731.00
2026-08-01,Event / Trade show,EMEA - South,5199.00
2026-08-01,Event / Trade show,EMEA - UK&I,5656.00
2026-08-01,Event / Trade show,North America,9547.00
2026-08-01,Event / Trade show,Unknown,870.00
2026-08-01,Paid search - Enterprise LP,APAC,1481.00
2026-08-01,Paid search - Enterprise LP,EMEA - DACH,4901.00
2026-08-01,Paid search - Enterprise LP,EMEA - North,2164.00
2026-08-01,Paid search - Enterprise LP,EMEA - South,1537.00
2026-08-01,Paid search - Enterprise LP,EMEA - UK&I,1814.00
2026-08-01,Paid search - Enterprise LP,North America,2672.00
2026-08-01,Paid search - Enterprise LP,Unknown,1501.00
2026-08-01,Paid search - Self-serve,APAC,15561.00
2026-08-01,Paid search - Self-serve,EMEA - DACH,42151.00
2026-08-01,Paid search - Self-serve,EMEA - North,19071.00
2026-08-01,Paid search - Self-serve,EMEA - South,19450.00
2026-08-01,Paid search - Self-serve,EMEA - UK&I,19676.00
2026-08-01,Paid search - Self-serve,LATAM,17352.00
2026-08-01,Paid search - Self-serve,North America,47233.00
2026-08-01,Paid social,APAC,1680.00
2026-08-01,Paid social,EMEA - DACH,3569.00
2026-08-01,Paid social,EMEA - North,2196.00
2026-08-01,Paid social,EMEA - South,1074.00
2026-08-01,Paid social,EMEA - UK&I,1943.00
2026-08-01,Paid social,LATAM,488.00
2026-08-01,Paid social,North America,4948.00
2026-08-01,Paid social,Unknown,1165.00
2026-08-01,Partner MDF,APAC,801.00
2026-08-01,Partner MDF,EMEA - DACH,2503.00
2026-08-01,Partner MDF,EMEA - North,758.00
2026-08-01,Partner MDF,EMEA - South,1696.00
2026-08-01,Partner MDF,EMEA - UK&I,2151.00
2026-08-01,Partner MDF,LATAM,1839.00
2026-08-01,Partner MDF,North America,4290.00
2026-08-01,Webinar,APAC,1053.00
2026-08-01,Webinar,EMEA - DACH,2068.00
2026-08-01,Webinar,EMEA - North,1050.00
2026-08-01,Webinar,EMEA - South,566.00
2026-08-01,Webinar,EMEA - UK&I,1413.00
2026-08-01,Webinar,LATAM,533.00
2026-08-01,Webinar,North America,3480.00
2026-08-01,Webinar,Unknown,732.00
2026-09-01,Community sponsorships,APAC,2649.00
2026-09-01,Community sponsorships,EMEA - DACH,3029.00
2026-09-01,Community sponsorships,EMEA - North,2428.00
2026-09-01,Community sponsorships,EMEA - South,1716.00
2026-09-01,Community sponsorships,EMEA - UK&I,1689.00
2026-09-01,Community sponsorships,LATAM,1541.00
2026-09-01,Community sponsorships,North America,4334.00
2026-09-01,Content download,APAC,532.00
2026-09-01,Content download,EMEA - DACH,2154.00
2026-09-01,Content download,EMEA - North,957.00
2026-09-01,Content download,EMEA - South,1646.00
2026-09-01,Content download,EMEA - UK&I,1042.00
2026-09-01,Content download,LATAM,227.00
2026-09-01,Content download,North America,1926.00
2026-09-01,Content download,Unknown,508.00
2026-09-01,Event / Trade show,APAC,5202.00
2026-09-01,Event / Trade show,EMEA - DACH,6825.00
2026-09-01,Event / Trade show,EMEA - North,5505.00
2026-09-01,Event / Trade show,EMEA - South,10913.00
2026-09-01,Event / Trade show,EMEA - UK&I,6821.00
2026-09-01,Event / Trade show,North America,14462.00
2026-09-01,Event / Trade show,Unknown,1513.00
2026-09-01,Paid search - Enterprise LP,EMEA - DACH,1772.00
2026-09-01,Paid search - Enterprise LP,EMEA - North,2835.00
2026-09-01,Paid search - Enterprise LP,EMEA - South,1197.00
2026-09-01,Paid search - Enterprise LP,EMEA - UK&I,866.00
2026-09-01,Paid search - Enterprise LP,LATAM,292.00
2026-09-01,Paid search - Enterprise LP,North America,3067.00
2026-09-01,Paid search - Enterprise LP,Unknown,770.00
2026-09-01,Paid search - Self-serve,APAC,18594.00
2026-09-01,Paid search - Self-serve,EMEA - DACH,31438.00
2026-09-01,Paid search - Self-serve,EMEA - North,21454.00
2026-09-01,Paid search - Self-serve,EMEA - South,19670.00
2026-09-01,Paid search - Self-serve,EMEA - UK&I,21276.00
2026-09-01,Paid search - Self-serve,LATAM,15361.00
2026-09-01,Paid search - Self-serve,North America,57209.00
2026-09-01,Paid social,APAC,931.00
2026-09-01,Paid social,EMEA - DACH,1913.00
2026-09-01,Paid social,EMEA - North,2458.00
2026-09-01,Paid social,EMEA - South,1515.00
2026-09-01,Paid social,EMEA - UK&I,1012.00
2026-09-01,Paid social,LATAM,147.00
2026-09-01,Paid social,North America,4085.00
2026-09-01,Paid social,Unknown,892.00
2026-09-01,Partner MDF,APAC,1590.00
2026-09-01,Partner MDF,EMEA - DACH,3447.00
2026-09-01,Partner MDF,EMEA - North,1657.00
2026-09-01,Partner MDF,EMEA - South,2010.00
2026-09-01,Partner MDF,EMEA - UK&I,1105.00
2026-09-01,Partner MDF,LATAM,1863.00
2026-09-01,Partner MDF,North America,3656.00
2026-09-01,Webinar,APAC,529.00
2026-09-01,Webinar,EMEA - DACH,2226.00
2026-09-01,Webinar,EMEA - North,1300.00
2026-09-01,Webinar,EMEA - South,858.00
2026-09-01,Webinar,EMEA - UK&I,992.00
2026-09-01,Webinar,LATAM,254.00
2026-09-01,Webinar,North America,1195.00
2026-09-01,Webinar,Unknown,718.00
